"","og_order","individual","biomass_shoots_g","notes.x","biomass_roots_g","notes.y","biomass_total","biomass_pot_volume_ratio","shade_00s_70s","phosphorous_p1.p4","c3_c4","species_code","color","usda_code","block","rep","note","id_v0","id_v0_noncat","id_barcode_v0","X","X.1"
"1",1,1,3.473,NA,6.0507,NA,9.5237,5.99351793580868,"00s","p1","c4","pavi","white","pavi2",1,1,"","00s-p1-c4-pavi-1-1","00s-p1-c4-pavi-1-1","*00s-p1-c4-pavi-1-1*",NA,"*"
"2",2,2,3.0708,NA,1.2949,NA,4.3657,2.74745122718691,"00s","p1","c4","paha","pink","paha",1,1,"","00s-p1-c4-paha-1-2","00s-p1-c4-paha-1-2","*00s-p1-c4-paha-1-2*",NA,"*"
"3",3,3,3.2834,NA,3.4748,NA,6.7582,4.25311516677155,"00s","p1","c4","paan","orange","paan4",1,1,"","00s-p1-c4-paan-1-3","00s-p1-c4-paan-1-3","*00s-p1-c4-paan-1-3*",NA,"*"
"4",46,4,5.286,NA,3.45,NA,8.736,5.49779735682819,"00s","p1","c4","paco","green","paco2",1,1,"","00s-p1-c4-paco-1-4","00s-p1-c4-paco-1-4","*00s-p1-c4-paco-1-4*",NA,"*"
"5",43,5,6.4976,NA,5.9836,NA,12.4812,7.8547514159849,"00s","p1","c3","dicl","yellow","dicl",1,1,"","00s-p1-c3-dicl-1-5","00s-p1-c3-dicl-1-5","*00s-p1-c3-dicl-1-5*",NA,"*"
"6",4,6,7.0535,NA,1.8189,NA,8.8724,5.58363750786658,"00s","p1","c3","patr","blue","patr3",1,1,"","00s-p1-c3-patr-1-6","00s-p1-c3-patr-1-6","*00s-p1-c3-patr-1-6*",NA,"*"
"7",49,7,4.3236,NA,2.5173,NA,6.8409,4.30516047828823,"00s","p1","c3","disp","purple","disp2",1,1,"used to be diac, updated to disp based on growing","00s-p1-c3-diac-1-7","00s-p1-c3-diac-1-7","*00s-p1-c3-diac-1-7*",NA,"*"
"8",41,8,4.1006,NA,3.97,NA,8.0706,5.07904342353682,"00s","p1","c3","diol","red","diol",1,1,"","00s-p1-c3-diol-1-8","00s-p1-c3-diol-1-8","*00s-p1-c3-diol-1-8*",NA,"*"
"9",40,9,5.8724,NA,4.5815,NA,10.4539,6.57891755821271,"00s","p2","c4","pavi","white","pavi2",1,1,"","00s-p2-c4-pavi-1-9","00s-p2-c4-pavi-1-9","*00s-p2-c4-pavi-1-9*",NA,"*"
"10",45,10,9.1559,NA,2.3818,NA,11.5377,7.26098174952801,"00s","p2","c4","paha","pink","paha",1,1,"","00s-p2-c4-paha-1-10","00s-p2-c4-paha-1-10","*00s-p2-c4-paha-1-10*",NA,"*"
"11",42,11,8.1533,NA,9.41,NA,17.5633,11.0530522341095,"00s","p2","c4","paan","orange","paan4",1,1,"","00s-p2-c4-paan-1-11","00s-p2-c4-paan-1-11","*00s-p2-c4-paan-1-11*",NA,"*"
"12",44,12,16.2326,NA,10.43,NA,26.6626,16.7794839521712,"00s","p2","c4","paco","green","paco2",1,1,"","00s-p2-c4-paco-1-12","00s-p2-c4-paco-1-12","*00s-p2-c4-paco-1-12*",NA,"*"
"13",5,13,7.4766,NA,6.6366,NA,14.1132,8.88181246066708,"00s","p2","c3","dicl","yellow","dicl",1,1,"","00s-p2-c3-dicl-1-13","00s-p2-c3-dicl-1-13","*00s-p2-c3-dicl-1-13*",NA,"*"
"14",51,14,13.672,NA,3.983,NA,17.655,11.1107614852108,"00s","p2","c3","patr","blue","patr3",1,1,"","00s-p2-c3-patr-1-14","00s-p2-c3-patr-1-14","*00s-p2-c3-patr-1-14*",NA,"*"
"15",47,15,7.0302,NA,4.2481,NA,11.2783,7.09773442416614,"00s","p2","c3","disp","purple","disp2",1,1,"used to be diac, updated to disp based on growing","00s-p2-c3-diac-1-15","00s-p2-c3-diac-1-15","*00s-p2-c3-diac-1-15*",NA,"*"
"16",6,16,6.58,NA,5.2859,NA,11.8659,7.46752674638137,"00s","p2","c3","diol","red","diol",1,1,"","00s-p2-c3-diol-1-16","00s-p2-c3-diol-1-16","*00s-p2-c3-diol-1-16*",NA,"*"
"17",52,17,5.8924,NA,6.1093,NA,12.0017,7.55298930144745,"00s","p3","c4","pavi","white","pavi2",1,1,"","00s-p3-c4-pavi-1-17","00s-p3-c4-pavi-1-17","*00s-p3-c4-pavi-1-17*",NA,"*"
"18",7,18,6.7684,NA,1.31,NA,8.0784,5.08395217117684,"00s","p3","c4","paha","pink","paha",1,1,"","00s-p3-c4-paha-1-18","00s-p3-c4-paha-1-18","*00s-p3-c4-paha-1-18*",NA,"*"
"19",50,19,9.2538,NA,11.66,NA,20.9138,13.1616110761485,"00s","p3","c4","paan","orange","paan4",1,1,"","00s-p3-c4-paan-1-19","00s-p3-c4-paan-1-19","*00s-p3-c4-paan-1-19*",NA,"*"
"20",8,20,11.5057,NA,6.1055,NA,17.6112,11.0831969792322,"00s","p3","c4","paco","green","paco2",1,1,"","00s-p3-c4-paco-1-20","00s-p3-c4-paco-1-20","*00s-p3-c4-paco-1-20*",NA,"*"
"21",64,21,7.2698,NA,6.944,NA,14.2138,8.945122718691,"00s","p3","c3","dicl","yellow","dicl",1,1,"","00s-p3-c3-dicl-1-21","00s-p3-c3-dicl-1-21","*00s-p3-c3-dicl-1-21*",NA,"*"
"22",61,22,15.4,NA,5.7,NA,21.1,13.2787916928886,"00s","p3","c3","patr","blue","patr3",1,1,"","00s-p3-c3-patr-1-22","00s-p3-c3-patr-1-22","*00s-p3-c3-patr-1-22*",NA,"*"
"23",65,23,5.3638,NA,3.4895,NA,8.8533,5.57161736941473,"00s","p3","c3","disp","purple","disp2",1,1,"used to be diac, updated to disp based on growing","00s-p3-c3-diac-1-23","00s-p3-c3-diac-1-23","*00s-p3-c3-diac-1-23*",NA,"*"
"24",9,24,3.3838,NA,4.09,NA,7.4738,4.70346129641284,"00s","p3","c3","diol","red","diol",1,1,"","00s-p3-c3-diol-1-24","00s-p3-c3-diol-1-24","*00s-p3-c3-diol-1-24*",NA,"*"
"25",53,25,9.1863,NA,11.14,NA,20.3263,12.7918816865953,"00s","p4","c4","pavi","white","pavi2",1,1,"","00s-p4-c4-pavi-1-25","00s-p4-c4-pavi-1-25","*00s-p4-c4-pavi-1-25*",NA,"*"
"26",10,26,9.2464,NA,2.2529,NA,11.4993,7.23681560730019,"00s","p4","c4","paha","pink","paha",1,1,"","00s-p4-c4-paha-1-26","00s-p4-c4-paha-1-26","*00s-p4-c4-paha-1-26*",NA,"*"
"27",55,27,9.3671,NA,7.9113,NA,17.2784,10.8737570799245,"00s","p4","c4","paan","orange","paan4",1,1,"","00s-p4-c4-paan-1-27","00s-p4-c4-paan-1-27","*00s-p4-c4-paan-1-27*",NA,"*"
"28",11,28,8.0518,NA,2.55,NA,10.6018,6.67199496538704,"00s","p4","c4","paco","green","paco2",1,1,"","00s-p4-c4-paco-1-28","00s-p4-c4-paco-1-28","*00s-p4-c4-paco-1-28*",NA,"*"
"29",63,29,6.9252,NA,8.9518,NA,15.877,9.99181875393329,"00s","p4","c3","dicl","yellow","dicl",1,1,"","00s-p4-c3-dicl-1-29","00s-p4-c3-dicl-1-29","*00s-p4-c3-dicl-1-29*",NA,"*"
"30",62,30,12.8662,NA,3.4083,NA,16.2745,10.2419760855884,"00s","p4","c3","patr","blue","patr3",1,1,"","00s-p4-c3-patr-1-30","00s-p4-c3-patr-1-30","*00s-p4-c3-patr-1-30*",NA,"*"
"31",60,31,5.367,NA,3.1719,NA,8.5389,5.37375707992448,"00s","p4","c3","disp","purple","disp2",1,1,"used to be diac, updated to disp based on growing","00s-p4-c3-diac-1-31","00s-p4-c3-diac-1-31","*00s-p4-c3-diac-1-31*",NA,"*"
"32",12,32,7.1479,NA,4.3662,NA,11.5141,7.24612964128383,"00s","p4","c3","diol","red","diol",1,1,"","00s-p4-c3-diol-1-32","00s-p4-c3-diol-1-32","*00s-p4-c3-diol-1-32*",NA,"*"
"33",58,33,0.3074,NA,0.45,NA,0.7574,0.476651982378855,"70s","p1","c4","pavi","white","pavi2",1,1,"","70s-p1-c4-pavi-1-33","70s-p1-c4-pavi-1-33","*70s-p1-c4-pavi-1-33*",NA,"*"
"34",56,34,1.1958,NA,0.2462,NA,1.442,0.907488986784141,"70s","p1","c4","paha","pink","paha",1,1,"","70s-p1-c4-paha-1-34","70s-p1-c4-paha-1-34","*70s-p1-c4-paha-1-34*",NA,"*"
"35",13,35,3.5292,NA,2.214,NA,5.7432,3.61434864694777,"70s","p1","c4","paan","orange","paan4",1,1,"","70s-p1-c4-paan-1-35","70s-p1-c4-paan-1-35","*70s-p1-c4-paan-1-35*",NA,"*"
"36",59,36,1.008,NA,0.1651,NA,1.1731,0.738263058527376,"70s","p1","c4","paco","green","paco2",1,1,"","70s-p1-c4-paco-1-36","70s-p1-c4-paco-1-36","*70s-p1-c4-paco-1-36*",NA,"*"
"37",54,37,3.7251,NA,1.4423,NA,5.1674,3.25198237885463,"70s","p1","c3","dicl","yellow","dicl",1,1,"","70s-p1-c3-dicl-1-37","70s-p1-c3-dicl-1-37","*70s-p1-c3-dicl-1-37*",NA,"*"
"38",14,38,2.9317,NA,0.5485,NA,3.4802,2.19018250471995,"70s","p1","c3","patr","blue","patr3",1,1,"","70s-p1-c3-patr-1-38","70s-p1-c3-patr-1-38","*70s-p1-c3-patr-1-38*",NA,"*"
"39",57,39,0.243,NA,0.0383,NA,0.2813,0.177029578351164,"70s","p1","c3","disp","purple","disp2",1,1,"used to be diac, updated to disp based on growing","70s-p1-c3-diac-1-39","70s-p1-c3-diac-1-39","*70s-p1-c3-diac-1-39*",NA,"*"
"40",84,40,0.6577,NA,0.2375,NA,0.8952,0.563373190685966,"70s","p1","c3","diol","red","diol",1,1,"","70s-p1-c3-diol-1-40","70s-p1-c3-diol-1-40","*70s-p1-c3-diol-1-40*",NA,"*"
"41",86,41,0.2806,NA,0.2181,NA,0.4987,0.313845185651353,"70s","p2","c4","pavi","white","pavi2",1,1,"","70s-p2-c4-pavi-1-41","70s-p2-c4-pavi-1-41","*70s-p2-c4-pavi-1-41*",NA,"*"
"42",88,42,0.5203,NA,0.0264,NA,0.5467,0.344052863436123,"70s","p2","c4","paha","pink","paha",1,1,"","70s-p2-c4-paha-1-42","70s-p2-c4-paha-1-42","*70s-p2-c4-paha-1-42*",NA,"*"
"43",82,43,5.9133,NA,2.5953,NA,8.5086,5.35468848332284,"70s","p2","c4","paan","orange","paan4",1,1,"","70s-p2-c4-paan-1-43","70s-p2-c4-paan-1-43","*70s-p2-c4-paan-1-43*",NA,"*"
"44",15,44,0.9835,NA,0.2254,NA,1.2089,0.76079295154185,"70s","p2","c4","paco","green","paco2",1,1,"","70s-p2-c4-paco-1-44","70s-p2-c4-paco-1-44","*70s-p2-c4-paco-1-44*",NA,"*"
"45",83,45,4.4282,NA,1.52,NA,5.9482,3.74336060415356,"70s","p2","c3","dicl","yellow","dicl",1,1,"","70s-p2-c3-dicl-1-45","70s-p2-c3-dicl-1-45","*70s-p2-c3-dicl-1-45*",NA,"*"
"46",16,46,4.8184,NA,0.9359,NA,5.7543,3.62133417243549,"70s","p2","c3","patr","blue","patr3",1,1,"","70s-p2-c3-patr-1-46","70s-p2-c3-patr-1-46","*70s-p2-c3-patr-1-46*",NA,"*"
"47",17,47,1.1014,NA,0.433,NA,1.5344,0.965638766519824,"70s","p2","c3","disp","purple","disp2",1,1,"used to be diac, updated to disp based on growing","70s-p2-c3-diac-1-47","70s-p2-c3-diac-1-47","*70s-p2-c3-diac-1-47*",NA,"*"
"48",77,48,1.2036,NA,0.3594,NA,1.563,0.983637507866583,"70s","p2","c3","diol","red","diol",1,1,"","70s-p2-c3-diol-1-48","70s-p2-c3-diol-1-48","*70s-p2-c3-diol-1-48*",NA,"*"
"49",18,49,0.2384,NA,0.1864,NA,0.4248,0.267337948395217,"70s","p3","c4","pavi","white","pavi2",1,1,"","70s-p3-c4-pavi-1-49","70s-p3-c4-pavi-1-49","*70s-p3-c4-pavi-1-49*",NA,"*"
"50",19,50,1.7697,NA,0.3363,NA,2.106,1.3253618628068,"70s","p3","c4","paha","pink","paha",1,1,"","70s-p3-c4-paha-1-50","70s-p3-c4-paha-1-50","*70s-p3-c4-paha-1-50*",NA,"*"
"51",80,51,6.2082,NA,2.53,NA,8.7382,5.49918187539333,"70s","p3","c4","paan","orange","paan4",1,1,"","70s-p3-c4-paan-1-51","70s-p3-c4-paan-1-51","*70s-p3-c4-paan-1-51*",NA,"*"
"52",20,52,0.5857,NA,0.0839,NA,0.6696,0.421397105097546,"70s","p3","c4","paco","green","paco2",1,1,"","70s-p3-c4-paco-1-52","70s-p3-c4-paco-1-52","*70s-p3-c4-paco-1-52*",NA,"*"
"53",73,53,3.7736,NA,1.5102,NA,5.2838,3.32523599748269,"70s","p3","c3","dicl","yellow","dicl",1,1,"","70s-p3-c3-dicl-1-53","70s-p3-c3-dicl-1-53","*70s-p3-c3-dicl-1-53*",NA,"*"
"54",48,54,5.5358,NA,0.9252,NA,6.461,4.06607929515418,"70s","p3","c3","patr","blue","patr3",1,1,"","70s-p3-c3-patr-1-54","70s-p3-c3-patr-1-54","*70s-p3-c3-patr-1-54*",NA,"*"
"55",21,55,0.0885,NA,0.0152,NA,0.1037,0.0652611705475142,"70s","p3","c3","disp","purple","disp2",1,1,"used to be diac, updated to disp based on growing","70s-p3-c3-diac-1-55","70s-p3-c3-diac-1-55","*70s-p3-c3-diac-1-55*",NA,"*"
"56",78,56,1.12,NA,0.3617,NA,1.4817,0.932473253618628,"70s","p3","c3","diol","red","diol",1,1,"","70s-p3-c3-diol-1-56","70s-p3-c3-diol-1-56","*70s-p3-c3-diol-1-56*",NA,"*"
"57",22,57,0.7586,NA,0.3012,NA,1.0598,0.666960352422908,"70s","p4","c4","pavi","white","pavi2",1,1,"","70s-p4-c4-pavi-1-57","70s-p4-c4-pavi-1-57","*70s-p4-c4-pavi-1-57*",NA,"*"
"58",67,58,0.343,NA,0.0345,NA,0.3775,0.237570799244808,"70s","p4","c4","paha","pink","paha",1,1,"","70s-p4-c4-paha-1-58","70s-p4-c4-paha-1-58","*70s-p4-c4-paha-1-58*",NA,"*"
"59",23,59,5.6079,NA,1.8754,NA,7.4833,4.70943989930774,"70s","p4","c4","paan","orange","paan4",1,1,"","70s-p4-c4-paan-1-59","70s-p4-c4-paan-1-59","*70s-p4-c4-paan-1-59*",NA,"*"
"60",24,60,1.3607,NA,0.0309,NA,1.3916,0.875770925110132,"70s","p4","c4","paco","green","paco2",1,1,"","70s-p4-c4-paco-1-60","70s-p4-c4-paco-1-60","*70s-p4-c4-paco-1-60*",NA,"*"
"61",87,61,5.0726,NA,1.8836,NA,6.9562,4.37772183763373,"70s","p4","c3","dicl","yellow","dicl",1,1,"","70s-p4-c3-dicl-1-61","70s-p4-c3-dicl-1-61","*70s-p4-c3-dicl-1-61*",NA,"*"
"62",25,62,2.9477,NA,0.4367,NA,3.3844,2.12989301447451,"70s","p4","c3","patr","blue","patr3",1,1,"","70s-p4-c3-patr-1-62","70s-p4-c3-patr-1-62","*70s-p4-c3-patr-1-62*",NA,"*"
"63",26,63,0.077,NA,0.0252,NA,0.1022,0.0643171806167401,"70s","p4","c3","disp","purple","disp2",1,1,"used to be diac, updated to disp based on growing","70s-p4-c3-diac-1-63","70s-p4-c3-diac-1-63","*70s-p4-c3-diac-1-63*",NA,"*"
"64",27,64,0.7044,NA,0.2135,NA,0.9179,0.57765890497168,"70s","p4","c3","diol","red","diol",1,1,"","70s-p4-c3-diol-1-64","70s-p4-c3-diol-1-64","*70s-p4-c3-diol-1-64*",NA,"*"
"65",28,65,3.8586,NA,7.96,NA,11.8186,7.43775959723096,"00s","p1","c4","pavi","white","pavi2",2,2,"","00s-p1-c4-pavi-2-65","00s-p1-c4-pavi-2-65","*00s-p1-c4-pavi-2-65*",NA,"*"
"66",29,66,2.9551,NA,0.8017,NA,3.7568,2.36425424795469,"00s","p1","c4","paha","pink","paha",2,2,"","00s-p1-c4-paha-2-66","00s-p1-c4-paha-2-66","*00s-p1-c4-paha-2-66*",NA,"*"
"67",70,67,3.371,NA,4.2,NA,7.571,4.764631843927,"00s","p1","c4","paan","orange","paan4",2,2,"","00s-p1-c4-paan-2-67","00s-p1-c4-paan-2-67","*00s-p1-c4-paan-2-67*",NA,"*"
"68",97,68,8.8228,NA,4.974,NA,13.7968,8.68269351793581,"00s","p1","c4","paco","green","paco2",2,2,"","00s-p1-c4-paco-2-68","00s-p1-c4-paco-2-68","*00s-p1-c4-paco-2-68*",NA,"*"
"69",30,69,6.599,NA,5.3242,NA,11.9232,7.50358716173694,"00s","p1","c3","dicl","yellow","dicl",2,2,"","00s-p1-c3-dicl-2-69","00s-p1-c3-dicl-2-69","*00s-p1-c3-dicl-2-69*",NA,"*"
"70",91,70,5.934,NA,2.69,NA,8.624,5.4273127753304,"00s","p1","c3","patr","blue","patr3",2,2,"","00s-p1-c3-patr-2-70","00s-p1-c3-patr-2-70","*00s-p1-c3-patr-2-70*",NA,"*"
"71",98,71,6.874,NA,4.1299,NA,11.0039,6.92504719949654,"00s","p1","c3","disp","purple","disp2",2,2,"used to be diac, updated to disp based on growing","00s-p1-c3-diac-2-71","00s-p1-c3-diac-2-71","*00s-p1-c3-diac-2-71*",NA,"*"
"72",96,72,3.026,NA,3.4021,NA,6.4281,4.04537444933921,"00s","p1","c3","diol","red","diol",2,2,"","00s-p1-c3-diol-2-72","00s-p1-c3-diol-2-72","*00s-p1-c3-diol-2-72*",NA,"*"
"73",89,73,9.9533,NA,13.717,NA,23.6703,14.896349905601,"00s","p2","c4","pavi","white","pavi2",2,2,"","00s-p2-c4-pavi-2-73","00s-p2-c4-pavi-2-73","*00s-p2-c4-pavi-2-73*",NA,"*"
"74",66,74,8.8997,NA,2.3366,NA,11.2363,7.07130270610447,"00s","p2","c4","paha","pink","paha",2,2,"","00s-p2-c4-paha-2-74","00s-p2-c4-paha-2-74","*00s-p2-c4-paha-2-74*",NA,"*"
"75",31,75,9.9856,NA,9.48,NA,19.4656,12.2502202643172,"00s","p2","c4","paan","orange","paan4",2,2,"","00s-p2-c4-paan-2-75","00s-p2-c4-paan-2-75","*00s-p2-c4-paan-2-75*",NA,"*"
"76",68,76,12.6379,NA,5.3583,NA,17.9962,11.3254877281309,"00s","p2","c4","paco","green","paco2",2,2,"","00s-p2-c4-paco-2-76","00s-p2-c4-paco-2-76","*00s-p2-c4-paco-2-76*",NA,"*"
"77",74,77,7.4798,NA,6.3939,NA,13.8737,8.73108873505349,"00s","p2","c3","dicl","yellow","dicl",2,2,"","00s-p2-c3-dicl-2-77","00s-p2-c3-dicl-2-77","*00s-p2-c3-dicl-2-77*",NA,"*"
"78",94,78,11.4549,NA,3.0128,NA,14.4677,9.10490874764003,"00s","p2","c3","patr","blue","patr3",2,2,"","00s-p2-c3-patr-2-78","00s-p2-c3-patr-2-78","*00s-p2-c3-patr-2-78*",NA,"*"
"79",32,79,1.8366,NA,1.5838,NA,3.4204,2.15254877281309,"00s","p2","c3","disp","purple","disp2",2,2,"used to be diac, updated to disp based on growing","00s-p2-c3-diac-2-79","00s-p2-c3-diac-2-79","*00s-p2-c3-diac-2-79*",NA,"*"
"80",92,80,6.6262,NA,7.7425,NA,14.3687,9.04260541220894,"00s","p2","c3","diol","red","diol",2,2,"","00s-p2-c3-diol-2-80","00s-p2-c3-diol-2-80","*00s-p2-c3-diol-2-80*",NA,"*"
"81",33,81,6.21,NA,6.0322,NA,12.2422,7.70434235368156,"00s","p3","c4","pavi","white","pavi2",2,2,"","00s-p3-c4-pavi-2-81","00s-p3-c4-pavi-2-81","*00s-p3-c4-pavi-2-81*",NA,"*"
"82",72,82,9.806,NA,3.47,NA,13.276,8.35494021397105,"00s","p3","c4","paha","pink","paha",2,2,"","00s-p3-c4-paha-2-82","00s-p3-c4-paha-2-82","*00s-p3-c4-paha-2-82*",NA,"*"
"83",69,83,7.4932,NA,6.5015,NA,13.9947,8.80723725613593,"00s","p3","c4","paan","orange","paan4",2,2,"","00s-p3-c4-paan-2-83","00s-p3-c4-paan-2-83","*00s-p3-c4-paan-2-83*",NA,"*"
"84",34,84,10.9246,NA,6.6017,NA,17.5263,11.0297671491504,"00s","p3","c4","paco","green","paco2",2,2,"","00s-p3-c4-paco-2-84","00s-p3-c4-paco-2-84","*00s-p3-c4-paco-2-84*",NA,"*"
"85",76,85,7.3591,NA,6.8447,NA,14.2038,8.93882945248584,"00s","p3","c3","dicl","yellow","dicl",2,2,"","00s-p3-c3-dicl-2-85","00s-p3-c3-dicl-2-85","*00s-p3-c3-dicl-2-85*",NA,"*"
"86",85,86,11.3138,NA,3.7862,NA,15.1,9.50283196979232,"00s","p3","c3","patr","blue","patr3",2,2,"","00s-p3-c3-patr-2-86","00s-p3-c3-patr-2-86","*00s-p3-c3-patr-2-86*",NA,"*"
"87",79,87,1.0447,NA,0.6753,NA,1.72,1.0824417872876,"00s","p3","c3","disp","purple","disp2",2,2,"used to be diac, updated to disp based on growing","00s-p3-c3-diac-2-87","00s-p3-c3-diac-2-87","*00s-p3-c3-diac-2-87*",NA,"*"
"88",35,88,3.0394,NA,3.54,NA,6.5794,4.14059156702328,"00s","p3","c3","diol","red","diol",2,2,"","00s-p3-c3-diol-2-88","00s-p3-c3-diol-2-88","*00s-p3-c3-diol-2-88*",NA,"*"
"89",93,89,6.1958,NA,8.2048,NA,14.4006,9.0626809314034,"00s","p4","c4","pavi","white","pavi2",2,2,"","00s-p4-c4-pavi-2-89","00s-p4-c4-pavi-2-89","*00s-p4-c4-pavi-2-89*",NA,"*"
"90",99,90,6.5605,NA,1.7301,NA,8.2906,5.21749528005035,"00s","p4","c4","paha","pink","paha",2,2,"","00s-p4-c4-paha-2-90","00s-p4-c4-paha-2-90","*00s-p4-c4-paha-2-90*",NA,"*"
"91",71,91,11.9128,NA,7.8874,NA,19.8002,12.4607929515419,"00s","p4","c4","paan","orange","paan4",2,2,"","00s-p4-c4-paan-2-91","00s-p4-c4-paan-2-91","*00s-p4-c4-paan-2-91*",NA,"*"
"92",36,92,12.639,NA,11.0051,NA,23.6441,14.8798615481435,"00s","p4","c4","paco","green","paco2",2,2,"","00s-p4-c4-paco-2-92","00s-p4-c4-paco-2-92","*00s-p4-c4-paco-2-92*",NA,"*"
"93",95,93,6.395,NA,5.2277,NA,11.6227,7.31447451227187,"00s","p4","c3","dicl","yellow","dicl",2,2,"","00s-p4-c3-dicl-2-93","00s-p4-c3-dicl-2-93","*00s-p4-c3-dicl-2-93*",NA,"*"
"94",37,94,11.5041,NA,4.2157,NA,15.7198,9.89288860918817,"00s","p4","c3","patr","blue","patr3",2,2,"","00s-p4-c3-patr-2-94","00s-p4-c3-patr-2-94","*00s-p4-c3-patr-2-94*",NA,"*"
"95",81,95,6.119,NA,3.0045,NA,9.1235,5.74166142227816,"00s","p4","c3","disp","purple","disp2",2,2,"used to be diac, updated to disp based on growing","00s-p4-c3-diac-2-95","00s-p4-c3-diac-2-95","*00s-p4-c3-diac-2-95*",NA,"*"
"96",38,96,5.7566,NA,3.5161,NA,9.2727,5.83555695405916,"00s","p4","c3","diol","red","diol",2,2,"","00s-p4-c3-diol-2-96","00s-p4-c3-diol-2-96","*00s-p4-c3-diol-2-96*",NA,"*"
"97",39,97,0.6121,NA,0.6926,NA,1.3047,0.821082441787288,"70s","p1","c4","pavi","white","pavi2",2,2,"","70s-p1-c4-pavi-2-97","70s-p1-c4-pavi-2-97","*70s-p1-c4-pavi-2-97*",NA,"*"
"98",90,98,0.4821,NA,0.0437,NA,0.5258,0.330899937067338,"70s","p1","c4","paha","pink","paha",2,2,"","70s-p1-c4-paha-2-98","70s-p1-c4-paha-2-98","*70s-p1-c4-paha-2-98*",NA,"*"
"99",75,99,3.8854,NA,2.4429,NA,6.3283,3.98256765261171,"70s","p1","c4","paan","orange","paan4",2,2,"","70s-p1-c4-paan-2-99","70s-p1-c4-paan-2-99","*70s-p1-c4-paan-2-99*",NA,"*"
"100",117,100,0.7179,NA,0.1452,NA,0.8631,0.543171806167401,"70s","p1","c4","paco","green","paco2",2,2,"","70s-p1-c4-paco-2-100","70s-p1-c4-paco-2-100","*70s-p1-c4-paco-2-100*",NA,"*"
"101",145,101,3.2923,NA,3.1283,NA,6.4206,4.04065449968534,"70s","p1","c3","dicl","yellow","dicl",2,2,"","70s-p1-c3-dicl-2-101","70s-p1-c3-dicl-2-101","*70s-p1-c3-dicl-2-101*",NA,"*"
"102",138,102,3.1117,NA,0.6774,NA,3.7891,2.38458149779736,"70s","p1","c3","patr","blue","patr3",2,2,"","70s-p1-c3-patr-2-102","70s-p1-c3-patr-2-102","*70s-p1-c3-patr-2-102*",NA,"*"
"103",101,103,0.1354,NA,0.0255,NA,0.1609,0.101258653241032,"70s","p1","c3","disp","purple","disp2",2,2,"used to be diac, updated to disp based on growing","70s-p1-c3-diac-2-103","70s-p1-c3-diac-2-103","*70s-p1-c3-diac-2-103*",NA,"*"
"104",125,104,0.6827,NA,0.3236,NA,1.0063,0.633291378225299,"70s","p1","c3","diol","red","diol",2,2,"","70s-p1-c3-diol-2-104","70s-p1-c3-diol-2-104","*70s-p1-c3-diol-2-104*",NA,"*"
"105",148,105,0.2585,NA,0.1766,NA,0.4351,0.273820012586532,"70s","p2","c4","pavi","white","pavi2",2,2,"","70s-p2-c4-pavi-2-105","70s-p2-c4-pavi-2-105","*70s-p2-c4-pavi-2-105*",NA,"*"
"106",115,106,0.374,NA,0.0651,NA,0.4391,0.276337319068597,"70s","p2","c4","paha","pink","paha",2,2,"","70s-p2-c4-paha-2-106","70s-p2-c4-paha-2-106","*70s-p2-c4-paha-2-106*",NA,"*"
"107",122,107,4.5642,NA,2.0232,NA,6.5874,4.14562617998741,"70s","p2","c4","paan","orange","paan4",2,2,"","70s-p2-c4-paan-2-107","70s-p2-c4-paan-2-107","*70s-p2-c4-paan-2-107*",NA,"*"
"108",126,108,4.047,NA,0.9907,NA,5.0377,3.17035871617369,"70s","p2","c4","paco","green","paco2",2,2,"","70s-p2-c4-paco-2-108","70s-p2-c4-paco-2-108","*70s-p2-c4-paco-2-108*",NA,"*"
"109",129,109,4.7777,NA,1.85,NA,6.6277,4.17098804279421,"70s","p2","c3","dicl","yellow","dicl",2,2,"","70s-p2-c3-dicl-2-109","70s-p2-c3-dicl-2-109","*70s-p2-c3-dicl-2-109*",NA,"*"
"110",162,110,5.6762,NA,1.0396,NA,6.7158,4.22643171806167,"70s","p2","c3","patr","blue","patr3",2,2,"","70s-p2-c3-patr-2-110","70s-p2-c3-patr-2-110","*70s-p2-c3-patr-2-110*",NA,"*"
"111",119,111,1.2602,NA,0.3965,NA,1.6567,1.04260541220894,"70s","p2","c3","disp","purple","disp2",2,2,"used to be diac, updated to disp based on growing","70s-p2-c3-diac-2-111","70s-p2-c3-diac-2-111","*70s-p2-c3-diac-2-111*",NA,"*"
"112",107,112,1.2584,NA,0.59,NA,1.8484,1.16324732536186,"70s","p2","c3","diol","red","diol",2,2,"","70s-p2-c3-diol-2-112","70s-p2-c3-diol-2-112","*70s-p2-c3-diol-2-112*",NA,"*"
"113",147,113,0.7591,NA,0.583,NA,1.3421,0.844619257394588,"70s","p3","c4","pavi","white","pavi2",2,2,"","70s-p3-c4-pavi-2-113","70s-p3-c4-pavi-2-113","*70s-p3-c4-pavi-2-113*",NA,"*"
"114",128,114,0.5603,NA,0.0843,NA,0.6446,0.405663939584644,"70s","p3","c4","paha","pink","paha",2,2,"","70s-p3-c4-paha-2-114","70s-p3-c4-paha-2-114","*70s-p3-c4-paha-2-114*",NA,"*"
"115",169,115,9.2857,NA,7.794,NA,17.0797,10.7487098804279,"70s","p3","c4","paan","orange","paan4",2,2,"","70s-p3-c4-paan-2-115","70s-p3-c4-paan-2-115","*70s-p3-c4-paan-2-115*",NA,"*"
"116",105,116,0.9867,NA,0.1605,NA,1.1472,0.72196349905601,"70s","p3","c4","paco","green","paco2",2,2,"","70s-p3-c4-paco-2-116","70s-p3-c4-paco-2-116","*70s-p3-c4-paco-2-116*",NA,"*"
"117",140,117,3.575,NA,1.1785,NA,4.7535,2.99150409062303,"70s","p3","c3","dicl","yellow","dicl",2,2,"","70s-p3-c3-dicl-2-117","70s-p3-c3-dicl-2-117","*70s-p3-c3-dicl-2-117*",NA,"*"
"118",163,118,6.2868,NA,1.4172,NA,7.704,4.84833228445563,"70s","p3","c3","patr","blue","patr3",2,2,"","70s-p3-c3-patr-2-118","70s-p3-c3-patr-2-118","*70s-p3-c3-patr-2-118*",NA,"*"
"119",120,119,0.6151,NA,0.1488,NA,0.7639,0.480742605412209,"70s","p3","c3","disp","purple","disp2",2,2,"used to be diac, updated to disp based on growing","70s-p3-c3-diac-2-119","70s-p3-c3-diac-2-119","*70s-p3-c3-diac-2-119*",NA,"*"
"120",139,120,0.4353,NA,0.13,NA,0.5653,0.355758338577722,"70s","p3","c3","diol","red","diol",2,2,"","70s-p3-c3-diol-2-120","70s-p3-c3-diol-2-120","*70s-p3-c3-diol-2-120*",NA,"*"
"121",142,121,0.3422,NA,0.4212,NA,0.7634,0.480427942101951,"70s","p4","c4","pavi","white","pavi2",2,2,"","70s-p4-c4-pavi-2-121","70s-p4-c4-pavi-2-121","*70s-p4-c4-pavi-2-121*",NA,"*"
"122",114,122,0.9349,NA,0.1435,NA,1.0784,0.678665827564506,"70s","p4","c4","paha","pink","paha",2,2,"","70s-p4-c4-paha-2-122","70s-p4-c4-paha-2-122","*70s-p4-c4-paha-2-122*",NA,"*"
"123",175,123,7.2286,NA,4.6632,NA,11.8918,7.48382630585274,"70s","p4","c4","paan","orange","paan4",2,2,"","70s-p4-c4-paan-2-123","70s-p4-c4-paan-2-123","*70s-p4-c4-paan-2-123*",NA,"*"
"124",124,124,1.8342,NA,0.3677,NA,2.2019,1.38571428571429,"70s","p4","c4","paco","green","paco2",2,2,"","70s-p4-c4-paco-2-124","70s-p4-c4-paco-2-124","*70s-p4-c4-paco-2-124*",NA,"*"
"125",103,125,3.7616,NA,1.4272,NA,5.1888,3.26544996853367,"70s","p4","c3","dicl","yellow","dicl",2,2,"","70s-p4-c3-dicl-2-125","70s-p4-c3-dicl-2-125","*70s-p4-c3-dicl-2-125*",NA,"*"
"126",165,126,4.6938,NA,0.8548,NA,5.5486,3.49188168659534,"70s","p4","c3","patr","blue","patr3",2,2,"","70s-p4-c3-patr-2-126","70s-p4-c3-patr-2-126","*70s-p4-c3-patr-2-126*",NA,"*"
"127",143,127,0.7786,NA,0.2216,NA,1.0002,0.629452485840151,"70s","p4","c3","disp","purple","disp2",2,2,"used to be diac, updated to disp based on growing","70s-p4-c3-diac-2-127","70s-p4-c3-diac-2-127","*70s-p4-c3-diac-2-127*",NA,"*"
"128",146,128,1.024,NA,0.3384,NA,1.3624,0.857394587791064,"70s","p4","c3","diol","red","diol",2,2,"","70s-p4-c3-diol-2-128","70s-p4-c3-diol-2-128","*70s-p4-c3-diol-2-128*",NA,"*"
"129",127,129,2.241,NA,4.2187,NA,6.4597,4.06526117054751,"00s","p1","c4","pavi","white","pavi2",3,3,"","00s-p1-c4-pavi-3-129","00s-p1-c4-pavi-3-129","*00s-p1-c4-pavi-3-129*",NA,"*"
"130",112,130,2.6834,NA,1.47,NA,4.1534,2.61384518565135,"00s","p1","c4","paha","pink","paha",3,3,"","00s-p1-c4-paha-3-130","00s-p1-c4-paha-3-130","*00s-p1-c4-paha-3-130*",NA,"*"
"131",123,131,2.6351,NA,3.07,NA,5.7051,3.5903713027061,"00s","p1","c4","paan","orange","paan4",3,3,"","00s-p1-c4-paan-3-131","00s-p1-c4-paan-3-131","*00s-p1-c4-paan-3-131*",NA,"*"
"132",171,132,5.0349,NA,2.97,NA,8.0049,5.03769666456891,"00s","p1","c4","paco","green","paco2",3,3,"","00s-p1-c4-paco-3-132","00s-p1-c4-paco-3-132","*00s-p1-c4-paco-3-132*",NA,"*"
"133",159,133,5.3716,NA,4.7899,NA,10.1615,6.39490245437382,"00s","p1","c3","dicl","yellow","dicl",3,3,"","00s-p1-c3-dicl-3-133","00s-p1-c3-dicl-3-133","*00s-p1-c3-dicl-3-133*",NA,"*"
"134",173,134,4.5532,NA,1.93,NA,6.4832,4.08005034612964,"00s","p1","c3","patr","blue","patr3",3,3,"","00s-p1-c3-patr-3-134","00s-p1-c3-patr-3-134","*00s-p1-c3-patr-3-134*",NA,"*"
"135",176,135,5.9616,NA,5.46,NA,11.4216,7.18791692888609,"00s","p1","c3","disp","purple","disp2",3,3,"used to be diac, updated to disp based on growing","00s-p1-c3-diac-3-135","00s-p1-c3-diac-3-135","*00s-p1-c3-diac-3-135*",NA,"*"
"136",132,136,2.1502,NA,2.2196,NA,4.3698,2.75003146633103,"00s","p1","c3","diol","red","diol",3,3,"","00s-p1-c3-diol-3-136","00s-p1-c3-diol-3-136","*00s-p1-c3-diol-3-136*",NA,"*"
"137",174,137,7.2448,NA,6.9008,NA,14.1456,8.90220264317181,"00s","p2","c4","pavi","white","pavi2",3,3,"","00s-p2-c4-pavi-3-137","00s-p2-c4-pavi-3-137","*00s-p2-c4-pavi-3-137*",NA,"*"
"138",130,138,6.7702,NA,2.2,NA,8.9702,5.64518565135305,"00s","p2","c4","paha","pink","paha",3,3,"","00s-p2-c4-paha-3-138","00s-p2-c4-paha-3-138","*00s-p2-c4-paha-3-138*",NA,"*"
"139",104,139,9.8585,NA,8.44,NA,18.2985,11.5157331655129,"00s","p2","c4","paan","orange","paan4",3,3,"","00s-p2-c4-paan-3-139","00s-p2-c4-paan-3-139","*00s-p2-c4-paan-3-139*",NA,"*"
"140",157,140,10.356,NA,3.1204,NA,13.4764,8.48105726872247,"00s","p2","c4","paco","green","paco2",3,3,"","00s-p2-c4-paco-3-140","00s-p2-c4-paco-3-140","*00s-p2-c4-paco-3-140*",NA,"*"
"141",291,141,7.01,NA,4.5524,NA,11.5624,7.27652611705475,"00s","p2","c3","dicl","yellow","dicl",3,3,"","00s-p2-c3-dicl-3-141","00s-p2-c3-dicl-3-141","*00s-p2-c3-dicl-3-141*",NA,"*"
"142",166,142,12.7225,NA,6.1,NA,18.8225,11.8455003146633,"00s","p2","c3","patr","blue","patr3",3,3,"","00s-p2-c3-patr-3-142","00s-p2-c3-patr-3-142","*00s-p2-c3-patr-3-142*",NA,"*"
"143",297,143,6.7766,NA,5.51,NA,12.2866,7.73228445563247,"00s","p2","c3","disp","purple","disp2",3,3,"used to be diac, updated to disp based on growing","00s-p2-c3-diac-3-143","00s-p2-c3-diac-3-143","*00s-p2-c3-diac-3-143*",NA,"*"
"144",288,144,4.65,NA,2.67,NA,7.32,4.60667086217747,"00s","p2","c3","diol","red","diol",3,3,"","00s-p2-c3-diol-3-144","00s-p2-c3-diol-3-144","*00s-p2-c3-diol-3-144*",NA,"*"
"145",110,145,7.0733,NA,16.2,"thick bag feel pretty confident correct weight",23.2733,14.6465072372561,"00s","p3","c4","pavi","white","pavi2",3,3,"","00s-p3-c4-pavi-3-145","00s-p3-c4-pavi-3-145","*00s-p3-c4-pavi-3-145*",NA,"*"
"146",111,146,2.586,NA,0.5873,NA,3.1733,1.99704216488357,"00s","p3","c4","paha","pink","paha",3,3,"","00s-p3-c4-paha-3-146","00s-p3-c4-paha-3-146","*00s-p3-c4-paha-3-146*",NA,"*"
"147",289,147,9.53,NA,9.02,NA,18.55,11.6740088105727,"00s","p3","c4","paan","orange","paan4",3,3,"","00s-p3-c4-paan-3-147","00s-p3-c4-paan-3-147","*00s-p3-c4-paan-3-147*",NA,"*"
"148",189,148,15.63,NA,5.4296,NA,21.0596,13.2533668974198,"00s","p3","c4","paco","green","paco2",3,3,"","00s-p3-c4-paco-3-148","00s-p3-c4-paco-3-148","*00s-p3-c4-paco-3-148*",NA,"*"
"149",287,149,8.46,NA,12.52,NA,20.98,13.2032724984267,"00s","p3","c3","dicl","yellow","dicl",3,3,"","00s-p3-c3-dicl-3-149","00s-p3-c3-dicl-3-149","*00s-p3-c3-dicl-3-149*",NA,"*"
"150",296,150,10.55,NA,3.98,NA,14.53,9.14411579609818,"00s","p3","c3","patr","blue","patr3",3,3,"","00s-p3-c3-patr-3-150","00s-p3-c3-patr-3-150","*00s-p3-c3-patr-3-150*",NA,"*"
"151",276,151,6.58,NA,3.38,"inside tag = 151 (Oct. 24)",9.96,6.26809314033984,"00s","p3","c3","disp","purple","disp2",3,3,"used to be diac, updated to disp based on growing","00s-p3-c3-diac-3-151","00s-p3-c3-diac-3-151","*00s-p3-c3-diac-3-151*",NA,"*"
"152",290,152,7.83,NA,5.99,NA,13.82,8.69729389553178,"00s","p3","c3","diol","red","diol",3,3,"","00s-p3-c3-diol-3-152","00s-p3-c3-diol-3-152","*00s-p3-c3-diol-3-152*",NA,"*"
"153",131,153,7.3765,NA,3.1655,NA,10.542,6.63436123348018,"00s","p4","c4","pavi","white","pavi2",3,3,"","00s-p4-c4-pavi-3-153","00s-p4-c4-pavi-3-153","*00s-p4-c4-pavi-3-153*",NA,"*"
"154",158,154,5.8719,NA,1.34,NA,7.2119,4.53864065449969,"00s","p4","c4","paha","pink","paha",3,3,"","00s-p4-c4-paha-3-154","00s-p4-c4-paha-3-154","*00s-p4-c4-paha-3-154*",NA,"*"
"155",118,155,8.9669,NA,9.78,"inside tag = 155 (Oct. 26)",18.7469,11.7979232221523,"00s","p4","c4","paan","orange","paan4",3,3,"","00s-p4-c4-paan-3-155","00s-p4-c4-paan-3-155","*00s-p4-c4-paan-3-155*",NA,"*"
"156",102,156,10.4429,NA,5.1199,NA,15.5628,9.79408432976715,"00s","p4","c4","paco","green","paco2",3,3,"","00s-p4-c4-paco-3-156","00s-p4-c4-paco-3-156","*00s-p4-c4-paco-3-156*",NA,"*"
"157",294,157,7.49,NA,5.1255,NA,12.6155,7.9392699811202,"00s","p4","c3","dicl","yellow","dicl",3,3,"","00s-p4-c3-dicl-3-157","00s-p4-c3-dicl-3-157","*00s-p4-c3-dicl-3-157*",NA,"*"
"158",292,158,10.68,NA,4.78,NA,15.46,9.7293895531781,"00s","p4","c3","patr","blue","patr3",3,3,"","00s-p4-c3-patr-3-158","00s-p4-c3-patr-3-158","*00s-p4-c3-patr-3-158*",NA,"*"
"159",283,159,8.32,NA,3.9406,NA,12.2606,7.71592196349906,"00s","p4","c3","disp","purple","disp2",3,3,"used to be diac, updated to disp based on growing","00s-p4-c3-diac-3-159","00s-p4-c3-diac-3-159","*00s-p4-c3-diac-3-159*",NA,"*"
"160",293,160,3.99,NA,2.63,NA,6.62,4.16614222781624,"00s","p4","c3","diol","red","diol",3,3,"","00s-p4-c3-diol-3-160","00s-p4-c3-diol-3-160","*00s-p4-c3-diol-3-160*",NA,"*"
"161",121,161,0.5293,NA,0.2338,NA,0.7631,0.480239144115796,"70s","p1","c4","pavi","white","pavi2",3,3,"","70s-p1-c4-pavi-3-161","70s-p1-c4-pavi-3-161","*70s-p1-c4-pavi-3-161*",NA,"*"
"162",144,162,0.311,NA,0.0898,NA,0.4008,0.252234109502832,"70s","p1","c4","paha","pink","paha",3,3,"","70s-p1-c4-paha-3-162","70s-p1-c4-paha-3-162","*70s-p1-c4-paha-3-162*",NA,"*"
"163",156,163,3.0306,NA,1.385,NA,4.4156,2.77885462555066,"70s","p1","c4","paan","orange","paan4",3,3,"","70s-p1-c4-paan-3-163","70s-p1-c4-paan-3-163","*70s-p1-c4-paan-3-163*",NA,"*"
"164",172,164,0.3443,NA,0.24,NA,0.5843,0.367715544367527,"70s","p1","c4","paco","green","paco2",3,3,"","70s-p1-c4-paco-3-164","70s-p1-c4-paco-3-164","*70s-p1-c4-paco-3-164*",NA,"*"
"165",152,165,3.949,NA,3.21,NA,7.159,4.50534927627439,"70s","p1","c3","dicl","yellow","dicl",3,3,"","70s-p1-c3-dicl-3-165","70s-p1-c3-dicl-3-165","*70s-p1-c3-dicl-3-165*",NA,"*"
"166",170,166,1.0399,NA,0.18,NA,1.2199,0.767715544367527,"70s","p1","c3","patr","blue","patr3",3,3,"","70s-p1-c3-patr-3-166","70s-p1-c3-patr-3-166","*70s-p1-c3-patr-3-166*",NA,"*"
"167",141,167,0.7602,NA,0.2152,NA,0.9754,0.613845185651353,"70s","p1","c3","disp","purple","disp2",3,3,"used to be diac, updated to disp based on growing","70s-p1-c3-diac-3-167","70s-p1-c3-diac-3-167","*70s-p1-c3-diac-3-167*",NA,"*"
"168",113,168,0.9551,NA,0.3693,NA,1.3244,0.833480176211454,"70s","p1","c3","diol","red","diol",3,3,"","70s-p1-c3-diol-3-168","70s-p1-c3-diol-3-168","*70s-p1-c3-diol-3-168*",NA,"*"
"169",167,169,0.7054,NA,0.2826,NA,0.988,0.621774701069855,"70s","p2","c4","pavi","white","pavi2",3,3,"","70s-p2-c4-pavi-3-169","70s-p2-c4-pavi-3-169","*70s-p2-c4-pavi-3-169*",NA,"*"
"170",153,170,0.3315,NA,0.0303,NA,0.3618,0.227690371302706,"70s","p2","c4","paha","pink","paha",3,3,"","70s-p2-c4-paha-3-170","70s-p2-c4-paha-3-170","*70s-p2-c4-paha-3-170*",NA,"*"
"171",177,171,6.9075,NA,4.0149,NA,10.9224,6.87375707992448,"70s","p2","c4","paan","orange","paan4",3,3,"","70s-p2-c4-paan-3-171","70s-p2-c4-paan-3-171","*70s-p2-c4-paan-3-171*",NA,"*"
"172",137,172,1.6666,NA,0.2737,NA,1.9403,1.22108244178729,"70s","p2","c4","paco","green","paco2",3,3,"","70s-p2-c4-paco-3-172","70s-p2-c4-paco-3-172","*70s-p2-c4-paco-3-172*",NA,"*"
"173",100,173,3.981,NA,1.6073,NA,5.5883,3.51686595342983,"70s","p2","c3","dicl","yellow","dicl",3,3,"","70s-p2-c3-dicl-3-173","70s-p2-c3-dicl-3-173","*70s-p2-c3-dicl-3-173*",NA,"*"
"174",178,174,3.5082,NA,0.4933,NA,4.0015,2.51825047199497,"70s","p2","c3","patr","blue","patr3",3,3,"","70s-p2-c3-patr-3-174","70s-p2-c3-patr-3-174","*70s-p2-c3-patr-3-174*",NA,"*"
"175",151,175,0.3438,NA,0.0569,NA,0.4007,0.25217117684078,"70s","p2","c3","disp","purple","disp2",3,3,"used to be diac, updated to disp based on growing","70s-p2-c3-diac-3-175","70s-p2-c3-diac-3-175","*70s-p2-c3-diac-3-175*",NA,"*"
"176",149,176,0.5996,NA,0.2355,NA,0.8351,0.525550660792952,"70s","p2","c3","diol","red","diol",3,3,"","70s-p2-c3-diol-3-176","70s-p2-c3-diol-3-176","*70s-p2-c3-diol-3-176*",NA,"*"
"177",154,177,0.4328,NA,0.2224,NA,0.6552,0.412334801762115,"70s","p3","c4","pavi","white","pavi2",3,3,"","70s-p3-c4-pavi-3-177","70s-p3-c4-pavi-3-177","*70s-p3-c4-pavi-3-177*",NA,"*"
"178",106,178,0.6418,NA,0.0983,NA,0.7401,0.465764631843927,"70s","p3","c4","paha","pink","paha",3,3,"","70s-p3-c4-paha-3-178","70s-p3-c4-paha-3-178","*70s-p3-c4-paha-3-178*",NA,"*"
"179",183,179,5.0458,NA,1.27,NA,6.3158,3.97470106985525,"70s","p3","c4","paan","orange","paan4",3,3,"","70s-p3-c4-paan-3-179","70s-p3-c4-paan-3-179","*70s-p3-c4-paan-3-179*",NA,"*"
"180",109,180,1.352,NA,0.1213,NA,1.4733,0.927186910006293,"70s","p3","c4","paco","green","paco2",3,3,"","70s-p3-c4-paco-3-180","70s-p3-c4-paco-3-180","*70s-p3-c4-paco-3-180*",NA,"*"
"181",180,181,3.2393,NA,1.0054,NA,4.2447,2.67130270610447,"70s","p3","c3","dicl","yellow","dicl",3,3,"","70s-p3-c3-dicl-3-181","70s-p3-c3-dicl-3-181","*70s-p3-c3-dicl-3-181*",NA,"*"
"182",160,182,3.4826,NA,0.4017,NA,3.8843,2.44449339207048,"70s","p3","c3","patr","blue","patr3",3,3,"","70s-p3-c3-patr-3-182","70s-p3-c3-patr-3-182","*70s-p3-c3-patr-3-182*",NA,"*"
"183",164,183,0.9334,NA,0.1285,NA,1.0619,0.668281938325991,"70s","p3","c3","disp","purple","disp2",3,3,"used to be diac, updated to disp based on growing","70s-p3-c3-diac-3-183","70s-p3-c3-diac-3-183","*70s-p3-c3-diac-3-183*",NA,"*"
"184",161,184,0.8699,NA,0.4242,NA,1.2941,0.814411579609818,"70s","p3","c3","diol","red","diol",3,3,"","70s-p3-c3-diol-3-184","70s-p3-c3-diol-3-184","*70s-p3-c3-diol-3-184*",NA,"*"
"185",116,185,0.0317,NA,0.0249,NA,0.0566,0.0356198867212083,"70s","p4","c4","pavi","white","pavi2",3,3,"","70s-p4-c4-pavi-3-185","70s-p4-c4-pavi-3-185","*70s-p4-c4-pavi-3-185*",NA,"*"
"186",136,186,0.219,NA,0.0241,NA,0.2431,0.152989301447451,"70s","p4","c4","paha","pink","paha",3,3,"","70s-p4-c4-paha-3-186","70s-p4-c4-paha-3-186","*70s-p4-c4-paha-3-186*",NA,"*"
"187",182,187,6.728,NA,3.3147,NA,10.0427,6.32013845185651,"70s","p4","c4","paan","orange","paan4",3,3,"","70s-p4-c4-paan-3-187","70s-p4-c4-paan-3-187","*70s-p4-c4-paan-3-187*",NA,"*"
"188",135,188,0.6935,NA,0.0942,NA,0.7877,0.495720578980491,"70s","p4","c4","paco","green","paco2",3,3,"","70s-p4-c4-paco-3-188","70s-p4-c4-paco-3-188","*70s-p4-c4-paco-3-188*",NA,"*"
"189",155,189,3.8347,NA,1.2415,NA,5.0762,3.19458779106356,"70s","p4","c3","dicl","yellow","dicl",3,3,"","70s-p4-c3-dicl-3-189","70s-p4-c3-dicl-3-189","*70s-p4-c3-dicl-3-189*",NA,"*"
"190",179,190,2.5016,NA,0.2741,NA,2.7757,1.74682190056639,"70s","p4","c3","patr","blue","patr3",3,3,"","70s-p4-c3-patr-3-190","70s-p4-c3-patr-3-190","*70s-p4-c3-patr-3-190*",NA,"*"
"191",168,191,0.845,NA,0.1627,NA,1.0077,0.634172435494021,"70s","p4","c3","disp","purple","disp2",3,3,"used to be diac, updated to disp based on growing","70s-p4-c3-diac-3-191","70s-p4-c3-diac-3-191","*70s-p4-c3-diac-3-191*",NA,"*"
"192",108,192,0.94,NA,0.2068,NA,1.1468,0.721711768407804,"70s","p4","c3","diol","red","diol",3,3,"","70s-p4-c3-diol-3-192","70s-p4-c3-diol-3-192","*70s-p4-c3-diol-3-192*",NA,"*"
"193",150,193,2.67,NA,3.6554,NA,6.3254,3.98074260541221,"00s","p1","c4","pavi","white","pavi2",4,4,"","00s-p1-c4-pavi-4-193","00s-p1-c4-pavi-4-193","*00s-p1-c4-pavi-4-193*",NA,"*"
"194",133,194,2.6573,NA,2.17,NA,4.8273,3.03794839521712,"00s","p1","c4","paha","pink","paha",4,4,"","00s-p1-c4-paha-4-194","00s-p1-c4-paha-4-194","*00s-p1-c4-paha-4-194*",NA,"*"
"195",181,195,5.1012,NA,4.2421,NA,9.3433,5.87998741346759,"00s","p1","c4","paan","orange","paan4",4,4,"","00s-p1-c4-paan-4-195","00s-p1-c4-paan-4-195","*00s-p1-c4-paan-4-195*",NA,"*"
"196",295,196,3.95,NA,2.6683,NA,6.6183,4.16507237256136,"00s","p1","c4","paco","green","paco2",4,4,"","00s-p1-c4-paco-4-196","00s-p1-c4-paco-4-196","*00s-p1-c4-paco-4-196*",NA,"*"
"197",134,197,4.1408,NA,4.2591,NA,8.3999,5.28628067967275,"00s","p1","c3","dicl","yellow","dicl",4,4,"","00s-p1-c3-dicl-4-197","00s-p1-c3-dicl-4-197","*00s-p1-c3-dicl-4-197*",NA,"*"
"198",286,198,5.49,NA,1.93,NA,7.42,4.66960352422907,"00s","p1","c3","patr","blue","patr3",4,4,"","00s-p1-c3-patr-4-198","00s-p1-c3-patr-4-198","*00s-p1-c3-patr-4-198*",NA,"*"
"199",299,199,1.75,NA,0.8247,NA,2.5747,1.62032724984267,"00s","p1","c3","disp","purple","disp2",4,4,"used to be diac, updated to disp based on growing","00s-p1-c3-diac-4-199","00s-p1-c3-diac-4-199","*00s-p1-c3-diac-4-199*",NA,"*"
"200",206,200,2.78,NA,3.12,NA,5.9,3.71302706104468,"00s","p1","c3","diol","red","diol",4,4,"","00s-p1-c3-diol-4-200","00s-p1-c3-diol-4-200","*00s-p1-c3-diol-4-200*",NA,"*"
"201",214,201,6.03,NA,6.45,NA,12.48,7.85399622404028,"00s","p2","c4","pavi","white","pavi2",4,4,"","00s-p2-c4-pavi-4-201","00s-p2-c4-pavi-4-201","*00s-p2-c4-pavi-4-201*",NA,"*"
"202",221,202,8,NA,2,NA,10,6.29326620516048,"00s","p2","c4","paha","pink","paha",4,4,"","00s-p2-c4-paha-4-202","00s-p2-c4-paha-4-202","*00s-p2-c4-paha-4-202*",NA,"*"
"203",257,203,10.78,NA,9.1893,NA,19.9693,12.5672120830711,"00s","p2","c4","paan","orange","paan4",4,4,"","00s-p2-c4-paan-4-203","00s-p2-c4-paan-4-203","*00s-p2-c4-paan-4-203*",NA,"*"
"204",237,204,7.51,NA,3.18,NA,10.69,6.72750157331655,"00s","p2","c4","paco","green","paco2",4,4,"","00s-p2-c4-paco-4-204","00s-p2-c4-paco-4-204","*00s-p2-c4-paco-4-204*",NA,"*"
"205",210,205,8.73,NA,6.2025,NA,14.9325,9.39741976085588,"00s","p2","c3","dicl","yellow","dicl",4,4,"","00s-p2-c3-dicl-4-205","00s-p2-c3-dicl-4-205","*00s-p2-c3-dicl-4-205*",NA,"*"
"206",251,206,10.76,NA,3.0255,NA,13.7855,8.67558212712398,"00s","p2","c3","patr","blue","patr3",4,4,"","00s-p2-c3-patr-4-206","00s-p2-c3-patr-4-206","*00s-p2-c3-patr-4-206*",NA,"*"
"207",196,207,7.81,NA,10.18,NA,17.99,11.3215859030837,"00s","p2","c3","disp","purple","disp2",4,4,"used to be diac, updated to disp based on growing","00s-p2-c3-diac-4-207","00s-p2-c3-diac-4-207","*00s-p2-c3-diac-4-207*",NA,"*"
"208",187,208,4.53,NA,NA,NA,NA,NA,"00s","p2","c3","diol","red","diol",4,4,"","00s-p2-c3-diol-4-208","00s-p2-c3-diol-4-208","*00s-p2-c3-diol-4-208*",NA,"*"
"209",256,209,12.4,NA,12.2828,NA,24.6828,15.5335431088735,"00s","p3","c4","pavi","white","pavi2",4,4,"","00s-p3-c4-pavi-4-209","00s-p3-c4-pavi-4-209","*00s-p3-c4-pavi-4-209*",NA,"*"
"210",204,210,5.11,NA,1.1723,NA,6.2823,3.95361862806797,"00s","p3","c4","paha","pink","paha",4,4,"","00s-p3-c4-paha-4-210","00s-p3-c4-paha-4-210","*00s-p3-c4-paha-4-210*",NA,"*"
"211",193,211,8.17,NA,8.53,NA,16.7,10.509754562618,"00s","p3","c4","paan","orange","paan4",4,4,"","00s-p3-c4-paan-4-211","00s-p3-c4-paan-4-211","*00s-p3-c4-paan-4-211*",NA,"*"
"212",260,212,11.45,NA,6.5273,NA,17.9773,11.3135934550031,"00s","p3","c4","paco","green","paco2",4,4,"","00s-p3-c4-paco-4-212","00s-p3-c4-paco-4-212","*00s-p3-c4-paco-4-212*",NA,"*"
"213",284,213,7.5,NA,8.35,NA,15.85,9.97482693517936,"00s","p3","c3","dicl","yellow","dicl",4,4,"","00s-p3-c3-dicl-4-213","00s-p3-c3-dicl-4-213","*00s-p3-c3-dicl-4-213*",NA,"*"
"214",277,214,13.09,NA,3.6278,NA,16.7178,10.5209565764632,"00s","p3","c3","patr","blue","patr3",4,4,"","00s-p3-c3-patr-4-214","00s-p3-c3-patr-4-214","*00s-p3-c3-patr-4-214*",NA,"*"
"215",235,215,6.8,NA,2.9313,NA,9.7313,6.12416614222782,"00s","p3","c3","disp","purple","disp2",4,4,"used to be diac, updated to disp based on growing","00s-p3-c3-diac-4-215","00s-p3-c3-diac-4-215","*00s-p3-c3-diac-4-215*",NA,"*"
"216",241,216,6.64,NA,4.4736,NA,11.1136,6.99408432976715,"00s","p3","c3","diol","red","diol",4,4,"","00s-p3-c3-diol-4-216","00s-p3-c3-diol-4-216","*00s-p3-c3-diol-4-216*",NA,"*"
"217",252,217,3.9,NA,2.9774,NA,6.8774,4.32813089993707,"00s","p4","c4","pavi","white","pavi2",4,4,"","00s-p4-c4-pavi-4-217","00s-p4-c4-pavi-4-217","*00s-p4-c4-pavi-4-217*",NA,"*"
"218",261,218,7.55,NA,1.9473,NA,9.4973,5.97690371302706,"00s","p4","c4","paha","pink","paha",4,4,"","00s-p4-c4-paha-4-218","00s-p4-c4-paha-4-218","*00s-p4-c4-paha-4-218*",NA,"*"
"219",201,219,9.89,NA,7.74,NA,17.63,11.0950283196979,"00s","p4","c4","paan","orange","paan4",4,4,"","00s-p4-c4-paan-4-219","00s-p4-c4-paan-4-219","*00s-p4-c4-paan-4-219*",NA,"*"
"220",239,220,11.02,NA,9.49,NA,20.51,12.9074889867841,"00s","p4","c4","paco","green","paco2",4,4,"","00s-p4-c4-paco-4-220","00s-p4-c4-paco-4-220","*00s-p4-c4-paco-4-220*",NA,"*"
"221",250,221,7.48,NA,7.51,NA,14.99,9.43360604153556,"00s","p4","c3","dicl","yellow","dicl",4,4,"","00s-p4-c3-dicl-4-221","00s-p4-c3-dicl-4-221","*00s-p4-c3-dicl-4-221*",NA,"*"
"222",227,222,12.78,NA,4.99,NA,17.77,11.1831340465702,"00s","p4","c3","patr","blue","patr3",4,4,"","00s-p4-c3-patr-4-222","00s-p4-c3-patr-4-222","*00s-p4-c3-patr-4-222*",NA,"*"
"223",244,223,7.24,NA,3.3591,NA,10.5991,6.67029578351164,"00s","p4","c3","disp","purple","disp2",4,4,"used to be diac, updated to disp based on growing","00s-p4-c3-diac-4-223","00s-p4-c3-diac-4-223","*00s-p4-c3-diac-4-223*",NA,"*"
"224",212,224,4.54,NA,1.8305,NA,6.3705,4.00912523599748,"00s","p4","c3","diol","red","diol",4,4,"","00s-p4-c3-diol-4-224","00s-p4-c3-diol-4-224","*00s-p4-c3-diol-4-224*",NA,"*"
"225",271,225,0.2698,NA,0.1804,NA,0.4502,0.283322844556325,"70s","p1","c4","pavi","white","pavi2",4,4,"","70s-p1-c4-pavi-4-225","70s-p1-c4-pavi-4-225","*70s-p1-c4-pavi-4-225*",NA,"*"
"226",192,226,0.1842,NA,0.235,NA,0.4192,0.263813719320327,"70s","p1","c4","paha","pink","paha",4,4,"","70s-p1-c4-paha-4-226","70s-p1-c4-paha-4-226","*70s-p1-c4-paha-4-226*",NA,"*"
"227",202,227,2.92,NA,1.5509,NA,4.4709,2.8136563876652,"70s","p1","c4","paan","orange","paan4",4,4,"","70s-p1-c4-paan-4-227","70s-p1-c4-paan-4-227","*70s-p1-c4-paan-4-227*",NA,"*"
"228",298,228,1.45,NA,0.45,NA,1.9,1.19572057898049,"70s","p1","c4","paco","green","paco2",4,4,"","70s-p1-c4-paco-4-228","70s-p1-c4-paco-4-228","*70s-p1-c4-paco-4-228*",NA,"*"
"229",200,229,3.1,NA,2.9625,NA,6.0625,3.81529263687854,"70s","p1","c3","dicl","yellow","dicl",4,4,"","70s-p1-c3-dicl-4-229","70s-p1-c3-dicl-4-229","*70s-p1-c3-dicl-4-229*",NA,"*"
"230",205,230,1.29,NA,0.2416,NA,1.5316,0.963876651982379,"70s","p1","c3","patr","blue","patr3",4,4,"","70s-p1-c3-patr-4-230","70s-p1-c3-patr-4-230","*70s-p1-c3-patr-4-230*",NA,"*"
"231",223,231,1.36,NA,0.3348,NA,1.6948,1.0665827564506,"70s","p1","c3","disp","purple","disp2",4,4,"used to be diac, updated to disp based on growing","70s-p1-c3-diac-4-231","70s-p1-c3-diac-4-231","*70s-p1-c3-diac-4-231*",NA,"*"
"232",215,232,0.39,NA,0.1454,NA,0.5354,0.336941472624292,"70s","p1","c3","diol","red","diol",4,4,"","70s-p1-c3-diol-4-232","70s-p1-c3-diol-4-232","*70s-p1-c3-diol-4-232*",NA,"*"
"233",255,233,0.9815,NA,0.4622,NA,1.4437,0.908558842039018,"70s","p2","c4","pavi","white","pavi2",4,4,"","70s-p2-c4-pavi-4-233","70s-p2-c4-pavi-4-233","*70s-p2-c4-pavi-4-233*",NA,"*"
"234",219,234,0.3046,NA,0.0317,NA,0.3363,0.211642542479547,"70s","p2","c4","paha","pink","paha",4,4,"","70s-p2-c4-paha-4-234","70s-p2-c4-paha-4-234","*70s-p2-c4-paha-4-234*",NA,"*"
"235",233,235,6.54,NA,2.7647,NA,9.3047,5.85569540591567,"70s","p2","c4","paan","orange","paan4",4,4,"","70s-p2-c4-paan-4-235","70s-p2-c4-paan-4-235","*70s-p2-c4-paan-4-235*",NA,"*"
"236",254,236,0.9824,NA,0.0141,NA,0.9965,0.627123977344242,"70s","p2","c4","paco","green","paco2",4,4,"","70s-p2-c4-paco-4-236","70s-p2-c4-paco-4-236","*70s-p2-c4-paco-4-236*",NA,"*"
"237",259,237,4.27,NA,1.066,NA,5.336,3.35808684707363,"70s","p2","c3","dicl","yellow","dicl",4,4,"","70s-p2-c3-dicl-4-237","70s-p2-c3-dicl-4-237","*70s-p2-c3-dicl-4-237*",NA,"*"
"238",248,238,1.54,NA,0.3501,NA,1.8901,1.18949024543738,"70s","p2","c3","patr","blue","patr3",4,4,"","70s-p2-c3-patr-4-238","70s-p2-c3-patr-4-238","*70s-p2-c3-patr-4-238*",NA,"*"
"239",240,239,0.73,NA,0.1784,NA,0.9084,0.571680302076778,"70s","p2","c3","disp","purple","disp2",4,4,"used to be diac, updated to disp based on growing","70s-p2-c3-diac-4-239","70s-p2-c3-diac-4-239","*70s-p2-c3-diac-4-239*",NA,"*"
"240",198,240,0.8274,NA,0.1991,NA,1.0265,0.646003775959723,"70s","p2","c3","diol","red","diol",4,4,"","70s-p2-c3-diol-4-240","70s-p2-c3-diol-4-240","*70s-p2-c3-diol-4-240*",NA,"*"
"241",225,241,0.1172,NA,0.1649,NA,0.2821,0.177533039647577,"70s","p3","c4","pavi","white","pavi2",4,4,"","70s-p3-c4-pavi-4-241","70s-p3-c4-pavi-4-241","*70s-p3-c4-pavi-4-241*",NA,"*"
"242",222,242,0.112,NA,0.0217,NA,0.1337,0.0841409691629956,"70s","p3","c4","paha","pink","paha",4,4,"","70s-p3-c4-paha-4-242","70s-p3-c4-paha-4-242","*70s-p3-c4-paha-4-242*",NA,"*"
"243",247,243,4.4,NA,1.3988,NA,5.7988,3.64933920704846,"70s","p3","c4","paan","orange","paan4",4,4,"","70s-p3-c4-paan-4-243","70s-p3-c4-paan-4-243","*70s-p3-c4-paan-4-243*",NA,"*"
"244",226,244,1.1,NA,0.2003,NA,1.3003,0.818313404657017,"70s","p3","c4","paco","green","paco2",4,4,"","70s-p3-c4-paco-4-244","70s-p3-c4-paco-4-244","*70s-p3-c4-paco-4-244*",NA,"*"
"245",209,245,5.43,NA,1.6765,NA,7.1065,4.47230962869729,"70s","p3","c3","dicl","yellow","dicl",4,4,"","70s-p3-c3-dicl-4-245","70s-p3-c3-dicl-4-245","*70s-p3-c3-dicl-4-245*",NA,"*"
"246",232,246,3.25,NA,0.4306,NA,3.6806,2.31629955947137,"70s","p3","c3","patr","blue","patr3",4,4,"","70s-p3-c3-patr-4-246","70s-p3-c3-patr-4-246","*70s-p3-c3-patr-4-246*",NA,"*"
"247",211,247,1.68,NA,0.579,NA,2.259,1.42164883574575,"70s","p3","c3","disp","purple","disp2",4,4,"used to be diac, updated to disp based on growing","70s-p3-c3-diac-4-247","70s-p3-c3-diac-4-247","*70s-p3-c3-diac-4-247*",NA,"*"
"248",253,248,0.33,NA,0.0407,NA,0.3707,0.233291378225299,"70s","p3","c3","diol","red","diol",4,4,"","70s-p3-c3-diol-4-248","70s-p3-c3-diol-4-248","*70s-p3-c3-diol-4-248*",NA,"*"
"249",203,249,0.27,NA,0.1479,NA,0.4179,0.262995594713656,"70s","p4","c4","pavi","white","pavi2",4,4,"","70s-p4-c4-pavi-4-249","70s-p4-c4-pavi-4-249","*70s-p4-c4-pavi-4-249*",NA,"*"
"250",274,250,0.33,NA,0.0791,NA,0.4091,0.257457520453115,"70s","p4","c4","paha","pink","paha",4,4,"","70s-p4-c4-paha-4-250","70s-p4-c4-paha-4-250","*70s-p4-c4-paha-4-250*",NA,"*"
"251",234,251,6.58,NA,2.4659,NA,9.0459,5.69282567652612,"70s","p4","c4","paan","orange","paan4",4,4,"","70s-p4-c4-paan-4-251","70s-p4-c4-paan-4-251","*70s-p4-c4-paan-4-251*",NA,"*"
"252",272,252,0.9907,NA,0.1625,NA,1.1532,0.725739458779106,"70s","p4","c4","paco","green","paco2",4,4,"","70s-p4-c4-paco-4-252","70s-p4-c4-paco-4-252","*70s-p4-c4-paco-4-252*",NA,"*"
"253",207,253,2.45,NA,0.6355,NA,3.0855,1.94178728760227,"70s","p4","c3","dicl","yellow","dicl",4,4,"","70s-p4-c3-dicl-4-253","70s-p4-c3-dicl-4-253","*70s-p4-c3-dicl-4-253*",NA,"*"
"254",228,254,2.97,NA,0.325,NA,3.295,2.07363121460038,"70s","p4","c3","patr","blue","patr3",4,4,"","70s-p4-c3-patr-4-254","70s-p4-c3-patr-4-254","*70s-p4-c3-patr-4-254*",NA,"*"
"255",266,255,1.45,NA,0.528,NA,1.978,1.24480805538074,"70s","p4","c3","disp","purple","disp2",4,4,"used to be diac, updated to disp based on growing","70s-p4-c3-diac-4-255","70s-p4-c3-diac-4-255","*70s-p4-c3-diac-4-255*",NA,"*"
"256",269,256,1.92,NA,0.6227,NA,2.5427,1.60018879798615,"70s","p4","c3","diol","red","diol",4,4,"","70s-p4-c3-diol-4-256","70s-p4-c3-diol-4-256","*70s-p4-c3-diol-4-256*",NA,"*"
"257",275,257,3.35,NA,4.69,NA,8.04,5.05978602894903,"00s","p1","c4","pavi","white","pavi2",5,5,"","00s-p1-c4-pavi-5-257","00s-p1-c4-pavi-5-257","*00s-p1-c4-pavi-5-257*",NA,"*"
"258",278,258,2.13,NA,0.83,NA,2.96,1.8628067967275,"00s","p1","c4","paha","pink","paha",5,5,"","00s-p1-c4-paha-5-258","00s-p1-c4-paha-5-258","*00s-p1-c4-paha-5-258*",NA,"*"
"259",245,259,4.71,NA,4.59,NA,9.3,5.85273757079925,"00s","p1","c4","paan","orange","paan4",5,5,"","00s-p1-c4-paan-5-259","00s-p1-c4-paan-5-259","*00s-p1-c4-paan-5-259*",NA,"*"
"260",185,260,5.65,NA,5.12,NA,10.77,6.77784770295783,"00s","p1","c4","paco","green","paco2",5,5,"","00s-p1-c4-paco-5-260","00s-p1-c4-paco-5-260","*00s-p1-c4-paco-5-260*",NA,"*"
"261",273,261,5.23,NA,8.93,NA,14.16,8.91126494650724,"00s","p1","c3","dicl","yellow","dicl",5,5,"","00s-p1-c3-dicl-5-261","00s-p1-c3-dicl-5-261","*00s-p1-c3-dicl-5-261*",NA,"*"
"262",264,262,4.22,NA,1.2384,NA,5.4584,3.4351164254248,"00s","p1","c3","patr","blue","patr3",5,5,"","00s-p1-c3-patr-5-262","00s-p1-c3-patr-5-262","*00s-p1-c3-patr-5-262*",NA,"*"
"263",300,263,2.07,NA,1.1245,NA,3.1945,2.01038388923851,"00s","p1","c3","disp","purple","disp2",5,5,"used to be diac, updated to disp based on growing","00s-p1-c3-diac-5-263","00s-p1-c3-diac-5-263","*00s-p1-c3-diac-5-263*",NA,"*"
"264",238,264,1.73,NA,4.3,NA,6.03,3.79483952171177,"00s","p1","c3","diol","red","diol",5,5,"","00s-p1-c3-diol-5-264","00s-p1-c3-diol-5-264","*00s-p1-c3-diol-5-264*",NA,"*"
"265",199,265,10.14,NA,17.23,"very big, pretty sure correct weight",27.37,17.2246696035242,"00s","p2","c4","pavi","white","pavi2",5,5,"","00s-p2-c4-pavi-5-265","00s-p2-c4-pavi-5-265","*00s-p2-c4-pavi-5-265*",NA,"*"
"266",236,266,8.45,NA,1.6457,NA,10.0957,6.35349276274386,"00s","p2","c4","paha","pink","paha",5,5,"","00s-p2-c4-paha-5-266","00s-p2-c4-paha-5-266","*00s-p2-c4-paha-5-266*",NA,"*"
"267",217,267,10.36,NA,13.87,NA,24.23,15.2485840151038,"00s","p2","c4","paan","orange","paan4",5,5,"","00s-p2-c4-paan-5-267","00s-p2-c4-paan-5-267","*00s-p2-c4-paan-5-267*",NA,"*"
"268",190,268,11.67,NA,7.38,NA,19.05,11.9886721208307,"00s","p2","c4","paco","green","paco2",5,5,"","00s-p2-c4-paco-5-268","00s-p2-c4-paco-5-268","*00s-p2-c4-paco-5-268*",NA,"*"
"269",186,269,8.67,NA,5.589,NA,14.259,8.97356828193833,"00s","p2","c3","dicl","yellow","dicl",5,5,"","00s-p2-c3-dicl-5-269","00s-p2-c3-dicl-5-269","*00s-p2-c3-dicl-5-269*",NA,"*"
"270",220,270,13.6,NA,6.6,NA,20.2,12.7123977344242,"00s","p2","c3","patr","blue","patr3",5,5,"","00s-p2-c3-patr-5-270","00s-p2-c3-patr-5-270","*00s-p2-c3-patr-5-270*",NA,"*"
"271",216,271,5.12,NA,3.2173,NA,8.3373,5.24688483322845,"00s","p2","c3","disp","purple","disp2",5,5,"used to be diac, updated to disp based on growing","00s-p2-c3-diac-5-271","00s-p2-c3-diac-5-271","*00s-p2-c3-diac-5-271*",NA,"*"
"272",282,272,6.03,NA,5.01,NA,11.04,6.94776589049717,"00s","p2","c3","diol","red","diol",5,5,"","00s-p2-c3-diol-5-272","00s-p2-c3-diol-5-272","*00s-p2-c3-diol-5-272*",NA,"*"
"273",230,273,0.1544,NA,0.11,NA,0.2644,0.166393958464443,"00s","p3","c4","pavi","white","pavi2",5,5,"","00s-p3-c4-pavi-5-273","00s-p3-c4-pavi-5-273","*00s-p3-c4-pavi-5-273*",NA,"*"
"274",268,274,8.89,NA,2.96,NA,11.85,7.45752045311517,"00s","p3","c4","paha","pink","paha",5,5,"","00s-p3-c4-paha-5-274","00s-p3-c4-paha-5-274","*00s-p3-c4-paha-5-274*",NA,"*"
"275",285,275,9.917,NA,8.29,NA,18.207,11.4581497797357,"00s","p3","c4","paan","orange","paan4",5,5,"","00s-p3-c4-paan-5-275","00s-p3-c4-paan-5-275","*00s-p3-c4-paan-5-275*",NA,"*"
"276",197,276,14.26,NA,7.26,NA,21.52,13.5431088735053,"00s","p3","c4","paco","green","paco2",5,5,"","00s-p3-c4-paco-5-276","00s-p3-c4-paco-5-276","*00s-p3-c4-paco-5-276*",NA,"*"
"277",229,277,7.25,NA,6.1314,NA,13.3814,8.42127123977344,"00s","p3","c3","dicl","yellow","dicl",5,5,"","00s-p3-c3-dicl-5-277","00s-p3-c3-dicl-5-277","*00s-p3-c3-dicl-5-277*",NA,"*"
"278",188,278,12.08,NA,3.8485,NA,15.9285,10.0242290748899,"00s","p3","c3","patr","blue","patr3",5,5,"","00s-p3-c3-patr-5-278","00s-p3-c3-patr-5-278","*00s-p3-c3-patr-5-278*",NA,"*"
"279",213,279,8.53,NA,4.7142,NA,13.2442,8.33492762743864,"00s","p3","c3","disp","purple","disp2",5,5,"used to be diac, updated to disp based on growing","00s-p3-c3-diac-5-279","00s-p3-c3-diac-5-279","*00s-p3-c3-diac-5-279*",NA,"*"
"280",279,280,6.85,NA,6.26,NA,13.11,8.25047199496539,"00s","p3","c3","diol","red","diol",5,5,"","00s-p3-c3-diol-5-280","00s-p3-c3-diol-5-280","*00s-p3-c3-diol-5-280*",NA,"*"
"281",265,281,13.44,NA,19.0402,"thick bag feel pretty confident correct weight",32.4802,20.4406544996853,"00s","p4","c4","pavi","white","pavi2",5,5,"","00s-p4-c4-pavi-5-281","00s-p4-c4-pavi-5-281","*00s-p4-c4-pavi-5-281*",NA,"*"
"282",281,282,9.97,NA,5.11,NA,15.08,9.490245437382,"00s","p4","c4","paha","pink","paha",5,5,"","00s-p4-c4-paha-5-282","00s-p4-c4-paha-5-282","*00s-p4-c4-paha-5-282*",NA,"*"
"283",242,283,10.57,NA,14.4844,NA,25.0544,15.7674008810573,"00s","p4","c4","paan","orange","paan4",5,5,"","00s-p4-c4-paan-5-283","00s-p4-c4-paan-5-283","*00s-p4-c4-paan-5-283*",NA,"*"
"284",258,284,14.18,NA,8.4554,NA,22.6354,14.2450597860289,"00s","p4","c4","paco","green","paco2",5,5,"","00s-p4-c4-paco-5-284","00s-p4-c4-paco-5-284","*00s-p4-c4-paco-5-284*",NA,"*"
"285",195,285,10.32,NA,7.4406,NA,17.7606,11.1772183763373,"00s","p4","c3","dicl","yellow","dicl",5,5,"","00s-p4-c3-dicl-5-285","00s-p4-c3-dicl-5-285","*00s-p4-c3-dicl-5-285*",NA,"*"
"286",184,286,9.19,NA,2.9922,NA,12.1822,7.6665827564506,"00s","p4","c3","patr","blue","patr3",5,5,"","00s-p4-c3-patr-5-286","00s-p4-c3-patr-5-286","*00s-p4-c3-patr-5-286*",NA,"*"
"287",208,287,8.73,NA,4.2519,NA,12.9819,8.16985525487728,"00s","p4","c3","disp","purple","disp2",5,5,"used to be diac, updated to disp based on growing","00s-p4-c3-diac-5-287","00s-p4-c3-diac-5-287","*00s-p4-c3-diac-5-287*",NA,"*"
"288",270,288,6.09,NA,2.43,NA,8.52,5.36186280679673,"00s","p4","c3","diol","red","diol",5,5,"","00s-p4-c3-diol-5-288","00s-p4-c3-diol-5-288","*00s-p4-c3-diol-5-288*",NA,"*"
"289",280,289,0.725,NA,1e-04,"very small, didn't register on scale",0.7251,0.456324732536186,"70s","p1","c4","pavi","white","pavi2",5,5,"","70s-p1-c4-pavi-5-289","70s-p1-c4-pavi-5-289","*70s-p1-c4-pavi-5-289*",NA,"*"
"290",191,290,0.1051,NA,0.0027,NA,0.1078,0.06784140969163,"70s","p1","c4","paha","pink","paha",5,5,"","70s-p1-c4-paha-5-290","70s-p1-c4-paha-5-290","*70s-p1-c4-paha-5-290*",NA,"*"
"291",263,291,3.52,NA,1.04,NA,4.56,2.86972938955318,"70s","p1","c4","paan","orange","paan4",5,5,"","70s-p1-c4-paan-5-291","70s-p1-c4-paan-5-291","*70s-p1-c4-paan-5-291*",NA,"*"
"292",194,292,0.1987,NA,0.0177,NA,0.2164,0.136186280679673,"70s","p1","c4","paco","green","paco2",5,5,"","70s-p1-c4-paco-5-292","70s-p1-c4-paco-5-292","*70s-p1-c4-paco-5-292*",NA,"*"
"293",246,293,0.8,NA,0.139,NA,0.939,0.590937696664569,"70s","p1","c3","dicl","yellow","dicl",5,5,"","70s-p1-c3-dicl-5-293","70s-p1-c3-dicl-5-293","*70s-p1-c3-dicl-5-293*",NA,"*"
"294",249,294,1.7346,NA,0.3308,NA,2.0654,1.29981120201385,"70s","p1","c3","patr","blue","patr3",5,5,"","70s-p1-c3-patr-5-294","70s-p1-c3-patr-5-294","*70s-p1-c3-patr-5-294*",NA,"*"
"295",231,295,0.2655,NA,0.0345,NA,0.3,0.188797986154814,"70s","p1","c3","disp","purple","disp2",5,5,"used to be diac, updated to disp based on growing","70s-p1-c3-diac-5-295","70s-p1-c3-diac-5-295","*70s-p1-c3-diac-5-295*",NA,"*"
"296",224,296,0.2259,NA,0.0589,NA,0.2848,0.17923222152297,"70s","p1","c3","diol","red","diol",5,5,"","70s-p1-c3-diol-5-296","70s-p1-c3-diol-5-296","*70s-p1-c3-diol-5-296*",NA,"*"
"297",243,297,0.0382,NA,0.0052,NA,0.0434,0.0273127753303965,"70s","p2","c4","pavi","white","pavi2",5,5,"","70s-p2-c4-pavi-5-297","70s-p2-c4-pavi-5-297","*70s-p2-c4-pavi-5-297*",NA,"*"
"298",262,298,0.1191,NA,0.0717,"289R written on bag.. Not 100 sure if 298, but 289 had a barcode",0.1908,0.120075519194462,"70s","p2","c4","paha","pink","paha",5,5,"","70s-p2-c4-paha-5-298","70s-p2-c4-paha-5-298","*70s-p2-c4-paha-5-298*",NA,"*"
"299",218,299,5.75,NA,2.0161,NA,7.7661,4.88741346758968,"70s","p2","c4","paan","orange","paan4",5,5,"","70s-p2-c4-paan-5-299","70s-p2-c4-paan-5-299","*70s-p2-c4-paan-5-299*",NA,"*"
"300",267,300,0.129,NA,0.0192,NA,0.1482,0.0932662051604783,"70s","p2","c4","paco","green","paco2",5,5,"","70s-p2-c4-paco-5-300","70s-p2-c4-paco-5-300","*70s-p2-c4-paco-5-300*",NA,"*"
"301",357,301,1.3435,NA,0.3659,NA,1.7094,1.07577092511013,"70s","p2","c3","dicl","yellow","dicl",5,5,"","70s-p2-c3-dicl-5-301","70s-p2-c3-dicl-5-301","*70s-p2-c3-dicl-5-301*",NA,"*"
"302",316,302,1.55,NA,0.2093,NA,1.7593,1.10717432347388,"70s","p2","c3","patr","blue","patr3",5,5,"","70s-p2-c3-patr-5-302","70s-p2-c3-patr-5-302","*70s-p2-c3-patr-5-302*",NA,"*"
"303",307,303,0.0186,NA,0.004,NA,0.0226,0.0142227816236627,"70s","p2","c3","disp","purple","disp2",5,5,"used to be diac, updated to disp based on growing","70s-p2-c3-diac-5-303","70s-p2-c3-diac-5-303","*70s-p2-c3-diac-5-303*",NA,"*"
"304",306,304,0.2268,NA,0.0729,NA,0.2997,0.18860918816866,"70s","p2","c3","diol","red","diol",5,5,"","70s-p2-c3-diol-5-304","70s-p2-c3-diol-5-304","*70s-p2-c3-diol-5-304*",NA,"*"
"305",332,305,0.1499,NA,0.12,NA,0.2699,0.169855254877281,"70s","p3","c4","pavi","white","pavi2",5,5,"","70s-p3-c4-pavi-5-305","70s-p3-c4-pavi-5-305","*70s-p3-c4-pavi-5-305*",NA,"*"
"306",326,306,0.0881,NA,7e-04,NA,0.0888,0.0558842039018251,"70s","p3","c4","paha","pink","paha",5,5,"","70s-p3-c4-paha-5-306","70s-p3-c4-paha-5-306","*70s-p3-c4-paha-5-306*",NA,"*"
"307",301,307,2.87,NA,0.8133,NA,3.6833,2.31799874134676,"70s","p3","c4","paan","orange","paan4",5,5,"","70s-p3-c4-paan-5-307","70s-p3-c4-paan-5-307","*70s-p3-c4-paan-5-307*",NA,"*"
"308",330,308,0.3717,NA,0.0032,NA,0.3749,0.235934550031466,"70s","p3","c4","paco","green","paco2",5,5,"","70s-p3-c4-paco-5-308","70s-p3-c4-paco-5-308","*70s-p3-c4-paco-5-308*",NA,"*"
"309",321,309,2.1138,NA,0.5544,NA,2.6682,1.67916928886092,"70s","p3","c3","dicl","yellow","dicl",5,5,"","70s-p3-c3-dicl-5-309","70s-p3-c3-dicl-5-309","*70s-p3-c3-dicl-5-309*",NA,"*"
"310",378,310,1.19,NA,0.1111,NA,1.3011,0.81881686595343,"70s","p3","c3","patr","blue","patr3",5,5,"","70s-p3-c3-patr-5-310","70s-p3-c3-patr-5-310","*70s-p3-c3-patr-5-310*",NA,"*"
"311",339,311,0.0443,NA,0.0031,NA,0.0474,0.0298300818124607,"70s","p3","c3","disp","purple","disp2",5,5,"used to be diac, updated to disp based on growing","70s-p3-c3-diac-5-311","70s-p3-c3-diac-5-311","*70s-p3-c3-diac-5-311*",NA,"*"
"312",328,312,0.6279,NA,0.23,NA,0.8579,0.539899307740717,"70s","p3","c3","diol","red","diol",5,5,"","70s-p3-c3-diol-5-312","70s-p3-c3-diol-5-312","*70s-p3-c3-diol-5-312*",NA,"*"
"313",335,313,0.524,NA,0.0475,NA,0.5715,0.359660163624921,"70s","p4","c4","pavi","white","pavi2",5,5,"","70s-p4-c4-pavi-5-313","70s-p4-c4-pavi-5-313","*70s-p4-c4-pavi-5-313*",NA,"*"
"314",314,314,0.2556,NA,0.0125,NA,0.2681,0.168722466960352,"70s","p4","c4","paha","pink","paha",5,5,"","70s-p4-c4-paha-5-314","70s-p4-c4-paha-5-314","*70s-p4-c4-paha-5-314*",NA,"*"
"315",345,315,2.68,NA,0.5708,NA,3.2508,2.04581497797357,"70s","p4","c4","paan","orange","paan4",5,5,"","70s-p4-c4-paan-5-315","70s-p4-c4-paan-5-315","*70s-p4-c4-paan-5-315*",NA,"*"
"316",308,316,0.0193,NA,0.005,NA,0.0243,0.01529263687854,"70s","p4","c4","paco","green","paco2",5,5,"","70s-p4-c4-paco-5-316","70s-p4-c4-paco-5-316","*70s-p4-c4-paco-5-316*",NA,"*"
"317",329,317,2.66,NA,0.7615,NA,3.4215,2.15324103209566,"70s","p4","c3","dicl","yellow","dicl",5,5,"","70s-p4-c3-dicl-5-317","70s-p4-c3-dicl-5-317","*70s-p4-c3-dicl-5-317*",NA,"*"
"318",363,318,0.628,NA,0.0588,NA,0.6868,0.432221522970422,"70s","p4","c3","patr","blue","patr3",5,5,"","70s-p4-c3-patr-5-318","70s-p4-c3-patr-5-318","*70s-p4-c3-patr-5-318*",NA,"*"
"319",337,319,0.3055,NA,0.0334,NA,0.3389,0.213278791692889,"70s","p4","c3","disp","purple","disp2",5,5,"used to be diac, updated to disp based on growing","70s-p4-c3-diac-5-319","70s-p4-c3-diac-5-319","*70s-p4-c3-diac-5-319*",NA,"*"
"320",320,320,0.1977,NA,0.0677,NA,0.2654,0.167023285084959,"70s","p4","c3","diol","red","diol",5,5,"","70s-p4-c3-diol-5-320","70s-p4-c3-diol-5-320","*70s-p4-c3-diol-5-320*",NA,"*"
"321",313,321,3.12,NA,5.7435,NA,8.8635,5.57803650094399,"00s","p1","c4","pavi","white","pavi2",6,6,"","00s-p1-c4-pavi-6-321","00s-p1-c4-pavi-6-321","*00s-p1-c4-pavi-6-321*",NA,"*"
"322",338,322,2.72,NA,1.5397,NA,4.2597,2.68074260541221,"00s","p1","c4","paha","pink","paha",6,6,"","00s-p1-c4-paha-6-322","00s-p1-c4-paha-6-322","*00s-p1-c4-paha-6-322*",NA,"*"
"323",347,323,3.82,NA,3.866,NA,7.686,4.83700440528634,"00s","p1","c4","paan","orange","paan4",6,6,"","00s-p1-c4-paan-6-323","00s-p1-c4-paan-6-323","*00s-p1-c4-paan-6-323*",NA,"*"
"324",372,324,8,NA,2.7183,NA,10.7183,6.74531151667716,"00s","p1","c4","paco","green","paco2",6,6,"","00s-p1-c4-paco-6-324","00s-p1-c4-paco-6-324","*00s-p1-c4-paco-6-324*",NA,"*"
"325",354,325,6.04,NA,7.54,NA,13.58,8.54625550660793,"00s","p1","c3","dicl","yellow","dicl",6,6,"","00s-p1-c3-dicl-6-325","00s-p1-c3-dicl-6-325","*00s-p1-c3-dicl-6-325*",NA,"*"
"326",343,326,3.1993,NA,1.27,NA,4.4693,2.81264946507237,"00s","p1","c3","patr","blue","patr3",6,6,"","00s-p1-c3-patr-6-326","00s-p1-c3-patr-6-326","*00s-p1-c3-patr-6-326*",NA,"*"
"327",303,327,3.24,NA,2.3029,NA,5.5429,3.4882945248584,"00s","p1","c3","disp","purple","disp2",6,6,"used to be diac, updated to disp based on growing","00s-p1-c3-diac-6-327","00s-p1-c3-diac-6-327","*00s-p1-c3-diac-6-327*",NA,"*"
"328",310,328,3.96,NA,4.311,NA,8.271,5.20516047828823,"00s","p1","c3","diol","red","diol",6,6,"","00s-p1-c3-diol-6-328","00s-p1-c3-diol-6-328","*00s-p1-c3-diol-6-328*",NA,"*"
"329",348,329,6.18,NA,9.2241,NA,15.4041,9.69421019509125,"00s","p2","c4","pavi","white","pavi2",6,6,"","00s-p2-c4-pavi-6-329","00s-p2-c4-pavi-6-329","*00s-p2-c4-pavi-6-329*",NA,"*"
"330",315,330,9.49,NA,2.452,"mold",11.942,7.51541850220264,"00s","p2","c4","paha","pink","paha",6,6,"","00s-p2-c4-paha-6-330","00s-p2-c4-paha-6-330","*00s-p2-c4-paha-6-330*",NA,"*"
"331",375,331,8.6,NA,14.82,"mold",23.42,14.7388294524858,"00s","p2","c4","paan","orange","paan4",6,6,"","00s-p2-c4-paan-6-331","00s-p2-c4-paan-6-331","*00s-p2-c4-paan-6-331*",NA,"*"
"332",352,332,16.75,"weight is accurate",8.7928,NA,25.5428,16.0747640025173,"00s","p2","c4","paco","green","paco2",6,6,"","00s-p2-c4-paco-6-332","00s-p2-c4-paco-6-332","*00s-p2-c4-paco-6-332*",NA,"*"
"333",309,333,8.1803,NA,10.82,NA,19.0003,11.9573945877911,"00s","p2","c3","dicl","yellow","dicl",6,6,"","00s-p2-c3-dicl-6-333","00s-p2-c3-dicl-6-333","*00s-p2-c3-dicl-6-333*",NA,"*"
"334",317,334,14.62,NA,5.5,NA,20.12,12.6620516047829,"00s","p2","c3","patr","blue","patr3",6,6,"","00s-p2-c3-patr-6-334","00s-p2-c3-patr-6-334","*00s-p2-c3-patr-6-334*",NA,"*"
"335",369,335,3.27,NA,2.9923,NA,6.2623,3.94103209565765,"00s","p2","c3","disp","purple","disp2",6,6,"used to be diac, updated to disp based on growing","00s-p2-c3-diac-6-335","00s-p2-c3-diac-6-335","*00s-p2-c3-diac-6-335*",NA,"*"
"336",353,336,4.98,NA,5.2186,NA,10.1986,6.41825047199497,"00s","p2","c3","diol","red","diol",6,6,"","00s-p2-c3-diol-6-336","00s-p2-c3-diol-6-336","*00s-p2-c3-diol-6-336*",NA,"*"
"337",351,337,8.12,NA,18.95,"weight is correct",27.07,17.0358716173694,"00s","p3","c4","pavi","white","pavi2",6,6,"","00s-p3-c4-pavi-6-337","00s-p3-c4-pavi-6-337","*00s-p3-c4-pavi-6-337*",NA,"*"
"338",327,338,11.48,NA,3.2392,NA,14.7192,9.26318439269981,"00s","p3","c4","paha","pink","paha",6,6,"","00s-p3-c4-paha-6-338","00s-p3-c4-paha-6-338","*00s-p3-c4-paha-6-338*",NA,"*"
"339",376,339,8.32,NA,7.9466,NA,16.2666,10.2370044052863,"00s","p3","c4","paan","orange","paan4",6,6,"","00s-p3-c4-paan-6-339","00s-p3-c4-paan-6-339","*00s-p3-c4-paan-6-339*",NA,"*"
"340",366,340,12.8,NA,11.41,NA,24.21,15.2359974826935,"00s","p3","c4","paco","green","paco2",6,6,"","00s-p3-c4-paco-6-340","00s-p3-c4-paco-6-340","*00s-p3-c4-paco-6-340*",NA,"*"
"341",365,341,8.68,NA,7.3087,NA,15.9887,10.0621145374449,"00s","p3","c3","dicl","yellow","dicl",6,6,"","00s-p3-c3-dicl-6-341","00s-p3-c3-dicl-6-341","*00s-p3-c3-dicl-6-341*",NA,"*"
"342",379,342,11.77,NA,3.8397,NA,15.6097,9.82359974826935,"00s","p3","c3","patr","blue","patr3",6,6,"","00s-p3-c3-patr-6-342","00s-p3-c3-patr-6-342","*00s-p3-c3-patr-6-342*",NA,"*"
"343",377,343,6.7,NA,4.98,NA,11.68,7.35053492762744,"00s","p3","c3","disp","purple","disp2",6,6,"used to be diac, updated to disp based on growing","00s-p3-c3-diac-6-343","00s-p3-c3-diac-6-343","*00s-p3-c3-diac-6-343*",NA,"*"
"344",361,344,4.42,NA,3.9546,NA,8.3746,5.27035871617369,"00s","p3","c3","diol","red","diol",6,6,"","00s-p3-c3-diol-6-344","00s-p3-c3-diol-6-344","*00s-p3-c3-diol-6-344*",NA,"*"
"345",340,345,7.99,NA,12.083,NA,20.073,12.6324732536186,"00s","p4","c4","pavi","white","pavi2",6,6,"","00s-p4-c4-pavi-6-345","00s-p4-c4-pavi-6-345","*00s-p4-c4-pavi-6-345*",NA,"*"
"346",305,346,9.21,NA,3.98,NA,13.19,8.30081812460667,"00s","p4","c4","paha","pink","paha",6,6,"","00s-p4-c4-paha-6-346","00s-p4-c4-paha-6-346","*00s-p4-c4-paha-6-346*",NA,"*"
"347",371,347,11.77,NA,12.93,NA,24.7,15.5443675267464,"00s","p4","c4","paan","orange","paan4",6,6,"","00s-p4-c4-paan-6-347","00s-p4-c4-paan-6-347","*00s-p4-c4-paan-6-347*",NA,"*"
"348",356,348,12.83,NA,8.96,NA,21.79,13.7130270610447,"00s","p4","c4","paco","green","paco2",6,6,"","00s-p4-c4-paco-6-348","00s-p4-c4-paco-6-348","*00s-p4-c4-paco-6-348*",NA,"*"
"349",333,349,9.29,NA,9.7809,NA,19.0709,12.0018250471995,"00s","p4","c3","dicl","yellow","dicl",6,6,"","00s-p4-c3-dicl-6-349","00s-p4-c3-dicl-6-349","*00s-p4-c3-dicl-6-349*",NA,"*"
"350",319,350,14.44,NA,4.6803,"mold",19.1203,12.032913782253,"00s","p4","c3","patr","blue","patr3",6,6,"","00s-p4-c3-patr-6-350","00s-p4-c3-patr-6-350","*00s-p4-c3-patr-6-350*",NA,"*"
"351",360,351,7.11,NA,3.103,NA,10.213,6.4273127753304,"00s","p4","c3","disp","purple","disp2",6,6,"used to be diac, updated to disp based on growing","00s-p4-c3-diac-6-351","00s-p4-c3-diac-6-351","*00s-p4-c3-diac-6-351*",NA,"*"
"352",359,352,7.8,NA,5.9964,NA,13.7964,8.6824417872876,"00s","p4","c3","diol","red","diol",6,6,"","00s-p4-c3-diol-6-352","00s-p4-c3-diol-6-352","*00s-p4-c3-diol-6-352*",NA,"*"
"353",331,353,0.24,NA,0.188,NA,0.428,0.269351793580868,"70s","p1","c4","pavi","white","pavi2",6,6,"","70s-p1-c4-pavi-6-353","70s-p1-c4-pavi-6-353","*70s-p1-c4-pavi-6-353*",NA,"*"
"354",323,354,0.27,NA,0.01,NA,0.28,0.176211453744493,"70s","p1","c4","paha","pink","paha",6,6,"","70s-p1-c4-paha-6-354","70s-p1-c4-paha-6-354","*70s-p1-c4-paha-6-354*",NA,"*"
"355",334,355,3.76,NA,1.64,NA,5.4,3.39836375078666,"70s","p1","c4","paan","orange","paan4",6,6,"","70s-p1-c4-paan-6-355","70s-p1-c4-paan-6-355","*70s-p1-c4-paan-6-355*",NA,"*"
"356",374,356,0.378,NA,0.033,NA,0.411,0.258653241032096,"70s","p1","c4","paco","green","paco2",6,6,"","70s-p1-c4-paco-6-356","70s-p1-c4-paco-6-356","*70s-p1-c4-paco-6-356*",NA,"*"
"357",367,357,1.0821,NA,0.2609,NA,1.343,0.845185651353052,"70s","p1","c3","dicl","yellow","dicl",6,6,"","70s-p1-c3-dicl-6-357","70s-p1-c3-dicl-6-357","*70s-p1-c3-dicl-6-357*",NA,"*"
"358",358,358,1.47,NA,0.2324,NA,1.7024,1.07136563876652,"70s","p1","c3","patr","blue","patr3",6,6,"","70s-p1-c3-patr-6-358","70s-p1-c3-patr-6-358","*70s-p1-c3-patr-6-358*",NA,"*"
"359",322,359,0.8052,NA,0.37,NA,1.1752,0.739584644430459,"70s","p1","c3","disp","purple","disp2",6,6,"used to be diac, updated to disp based on growing","70s-p1-c3-diac-6-359","70s-p1-c3-diac-6-359","*70s-p1-c3-diac-6-359*",NA,"*"
"360",336,360,0.72,NA,0.2119,NA,0.9319,0.586469477658905,"70s","p1","c3","diol","red","diol",6,6,"","70s-p1-c3-diol-6-360","70s-p1-c3-diol-6-360","*70s-p1-c3-diol-6-360*",NA,"*"
"361",383,361,0.0871,NA,0.1302,NA,0.2173,0.136752674638137,"70s","p2","c4","pavi","white","pavi2",6,6,"","70s-p2-c4-pavi-6-361","70s-p2-c4-pavi-6-361","*70s-p2-c4-pavi-6-361*",NA,"*"
"362",318,362,0.0796,NA,0.0099,NA,0.0895,0.0563247325361863,"70s","p2","c4","paha","pink","paha",6,6,"","70s-p2-c4-paha-6-362","70s-p2-c4-paha-6-362","*70s-p2-c4-paha-6-362*",NA,"*"
"363",368,363,2.95,NA,0.87,NA,3.82,2.4040276903713,"70s","p2","c4","paan","orange","paan4",6,6,"","70s-p2-c4-paan-6-363","70s-p2-c4-paan-6-363","*70s-p2-c4-paan-6-363*",NA,"*"
"364",355,364,0.8293,NA,0.029,NA,0.8583,0.540151038388924,"70s","p2","c4","paco","green","paco2",6,6,"","70s-p2-c4-paco-6-364","70s-p2-c4-paco-6-364","*70s-p2-c4-paco-6-364*",NA,"*"
"365",370,365,2.48,NA,0.99,NA,3.47,2.18376337319069,"70s","p2","c3","dicl","yellow","dicl",6,6,"","70s-p2-c3-dicl-6-365","70s-p2-c3-dicl-6-365","*70s-p2-c3-dicl-6-365*",NA,"*"
"366",346,366,1.48,NA,0.23,NA,1.71,1.07614852108244,"70s","p2","c3","patr","blue","patr3",6,6,"","70s-p2-c3-patr-6-366","70s-p2-c3-patr-6-366","*70s-p2-c3-patr-6-366*",NA,"*"
"367",362,367,0.2475,NA,0.0461,NA,0.2936,0.184770295783512,"70s","p2","c3","disp","purple","disp2",6,6,"used to be diac, updated to disp based on growing","70s-p2-c3-diac-6-367","70s-p2-c3-diac-6-367","*70s-p2-c3-diac-6-367*",NA,"*"
"368",380,368,0.3557,NA,0.0303,NA,0.386,0.242920075519194,"70s","p2","c3","diol","red","diol",6,6,"","70s-p2-c3-diol-6-368","70s-p2-c3-diol-6-368","*70s-p2-c3-diol-6-368*",NA,"*"
"369",344,369,0.4247,NA,0.2112,NA,0.6359,0.400188797986155,"70s","p3","c4","pavi","white","pavi2",6,6,"","70s-p3-c4-pavi-6-369","70s-p3-c4-pavi-6-369","*70s-p3-c4-pavi-6-369*",NA,"*"
"370",325,370,0.1948,NA,0.0447,NA,0.2395,0.150723725613593,"70s","p3","c4","paha","pink","paha",6,6,"","70s-p3-c4-paha-6-370","70s-p3-c4-paha-6-370","*70s-p3-c4-paha-6-370*",NA,"*"
"371",350,371,3.48,NA,0.9591,NA,4.4391,2.79364380113279,"70s","p3","c4","paan","orange","paan4",6,6,"","70s-p3-c4-paan-6-371","70s-p3-c4-paan-6-371","*70s-p3-c4-paan-6-371*",NA,"*"
"372",312,372,0.23,NA,0.0087,NA,0.2387,0.150220264317181,"70s","p3","c4","paco","green","paco2",6,6,"","70s-p3-c4-paco-6-372","70s-p3-c4-paco-6-372","*70s-p3-c4-paco-6-372*",NA,"*"
"373",364,373,2.43,NA,0.59,NA,3.02,1.90056639395846,"70s","p3","c3","dicl","yellow","dicl",6,6,"","70s-p3-c3-dicl-6-373","70s-p3-c3-dicl-6-373","*70s-p3-c3-dicl-6-373*",NA,"*"
"374",311,374,12.061,NA,0.1739,NA,12.2349,7.69974826935179,"70s","p3","c3","patr","blue","patr3",6,6,"","70s-p3-c3-patr-6-374","70s-p3-c3-patr-6-374","*70s-p3-c3-patr-6-374*",NA,"*"
"375",341,376,0.643,NA,0.1221,NA,0.7651,0.481497797356828,"70s","p3","c3","diol","red","diol",6,6,"","70s-p3-c3-diol-6-376","70s-p3-c3-diol-6-376","*70s-p3-c3-diol-6-376*",NA,"*"
"376",342,377,0.34,NA,0.0945,NA,0.4345,0.273442416614223,"70s","p4","c4","pavi","white","pavi2",6,6,"","70s-p4-c4-pavi-6-377","70s-p4-c4-pavi-6-377","*70s-p4-c4-pavi-6-377*",NA,"*"
"377",382,378,0.3972,NA,0.07,NA,0.4672,0.294021397105098,"70s","p4","c4","paha","pink","paha",6,6,"","70s-p4-c4-paha-6-378","70s-p4-c4-paha-6-378","*70s-p4-c4-paha-6-378*",NA,"*"
"378",302,379,3.02,NA,1.04,NA,4.06,2.55506607929515,"70s","p4","c4","paan","orange","paan4",6,6,"","70s-p4-c4-paan-6-379","70s-p4-c4-paan-6-379","*70s-p4-c4-paan-6-379*",NA,"*"
"379",381,380,0.138,NA,0.0024,NA,0.1404,0.0883574575204531,"70s","p4","c4","paco","green","paco2",6,6,"","70s-p4-c4-paco-6-380","70s-p4-c4-paco-6-380","*70s-p4-c4-paco-6-380*",NA,"*"
"380",373,381,1.5334,NA,0.36,NA,1.8934,1.19156702328509,"70s","p4","c3","dicl","yellow","dicl",6,6,"","70s-p4-c3-dicl-6-381","70s-p4-c3-dicl-6-381","*70s-p4-c3-dicl-6-381*",NA,"*"
"381",349,382,1.35,NA,0.2003,NA,1.5503,0.975645059786029,"70s","p4","c3","patr","blue","patr3",6,6,"","70s-p4-c3-patr-6-382","70s-p4-c3-patr-6-382","*70s-p4-c3-patr-6-382*",NA,"*"
"382",304,383,0.6299,NA,0.16,NA,0.7899,0.497105097545626,"70s","p4","c3","disp","purple","disp2",6,6,"used to be diac, updated to disp based on growing","70s-p4-c3-diac-6-383","70s-p4-c3-diac-6-383","*70s-p4-c3-diac-6-383*",NA,"*"
"383",324,384,0.593,NA,0.26,NA,0.853,0.536815607300189,"70s","p4","c3","diol","red","diol",6,6,"","70s-p4-c3-diol-6-384","70s-p4-c3-diol-6-384","*70s-p4-c3-diol-6-384*",NA,"*"
