"","SysObs.Filename","UserDefCon.id","machine"
"1","2025-09-20-0917_logdata_yadi",291,"yadi"
"2","2025-09-20-0917_logdata_yadi",318,"yadi"
"3","2025-09-20-0917_logdata_yadi",277,"yadi"
"4","2025-09-20-0917_logdata_yadi",289,"yadi"
"5","2025-09-20-0917_logdata_yadi",288,"yadi"
"6","2025-09-20-0917_logdata_yadi",306,"yadi"
"7","2025-09-20-0917_logdata_yadi",285,"yadi"
"8","2025-09-21-0919_logdata_yadi",305,"yadi"
"9","2025-09-21-0919_logdata_yadi",279,"yadi"
"10","2025-09-21-0919_logdata_yadi",258,"yadi"
"11","2025-09-21-0919_logdata_yadi",272,"yadi"
"12","2025-09-21-0919_logdata_yadi",301,"yadi"
"13","2025-09-21-0919_logdata_yadi",268,"yadi"
"14","2025-09-21-0919_logdata_yadi",310,"yadi"
"15","2025-09-22-1155_logdata",212,"yadi"
"16","2025-09-22-1155_logdata",234,"yadi"
"17","2025-09-22-1155_logdata",193,"yadi"
"18","2025-09-22-1155_logdata",214,"yadi"
"19","2025-09-22-1155_logdata",236,"yadi"
"20","2025-09-23-0925_logdata",252,"yadi"
"21","2025-09-23-0925_logdata",241,"yadi"
"22","2025-09-23-0925_logdata",211,"yadi"
"23","2025-09-23-0925_logdata",209,"yadi"
"24","2025-09-23-0925_logdata",230,"yadi"
"25","2025-09-23-0925_logdata",197,"yadi"
"26","2025-09-24-0823_logdata",219,"yadi"
"27","2025-09-24-0823_logdata",238,"yadi"
"28","2025-09-24-0823_logdata",235,"yadi"
"29","2025-09-24-0823_logdata",3,"yadi"
"30","2025-09-24-0823_logdata",19,"yadi"
"31","2025-09-25-0941_logdata",10,"yadi"
"32","2025-09-25-0941_logdata",64,"yadi"
"33","2025-09-25-0941_logdata",13,"yadi"
"34","2025-09-25-0941_logdata",40,"yadi"
"35","2025-09-25-0941_logdata",24,"yadi"
"36","2025-09-25-0941_logdata",54,"yadi"
"37","2025-09-26-0828_logdata",135,"yadi"
"38","2025-09-26-0828_logdata",165,"yadi"
"39","2025-09-26-0828_logdata",153,"yadi"
"40","2025-09-26-0828_logdata",46,"yadi"
"41","2025-09-26-0828_logdata",22,"yadi"
"42","2025-09-26-0828_logdata",35,"yadi"
"43","2025-09-26-0828_logdata",189,"yadi"
"44","2025-09-26-0828_logdata",179,"yadi"
"45","2025-09-27-0916_logdata",139,"yadi"
"46","2025-09-27-0916_logdata",147,"yadi"
"47","2025-09-27-0916_logdata",134,"yadi"
"48","2025-09-27-0916_logdata",138,"yadi"
"49","2025-09-27-0916_logdata",154,"yadi"
"50","2025-09-27-0916_logdata",133,"yadi"
"51","2025-09-28-0903_logdata",346,"yadi"
"52","2025-09-28-0903_logdata",155,"yadi"
"53","2025-09-28-0903_logdata",156,"yadi"
"54","2025-09-28-0903_logdata",160,"yadi"
"55","2025-09-28-0903_logdata",329,"yadi"
"56","2025-09-28-0903_logdata",355,"yadi"
"57","2025-09-28-0903_logdata",378,"yadi"
"58","2025-09-20-0924_logdata_stan",277,"stan"
"59","2025-09-21-0921_logdata_stan",312,"stan"
"60","2025-09-21-0921_logdata_stan",308,"stan"
"61","2025-09-21-0921_logdata_stan",309,"stan"
"62","2025-09-21-0921_logdata_stan",260,"stan"
"63","2025-09-21-0921_logdata_stan",270,"stan"
"64","2025-09-21-0921_logdata_stan",304,"stan"
"65","2025-09-21-0921_logdata_stan",294,"stan"
"66","2025-09-22-0853_logdata",281,"stan"
"67","2025-09-22-0853_logdata",317,"stan"
"68","2025-09-22-0853_logdata",216,"stan"
"69","2025-09-22-0853_logdata",247,"stan"
"70","2025-09-23-0927_logdata",220,"stan"
"71","2025-09-23-0927_logdata",210,"stan"
"72","2025-09-23-0927_logdata",215,"stan"
"73","2025-09-23-0927_logdata",208,"stan"
"74","2025-09-23-0927_logdata",227,"stan"
"75","2025-09-23-0927_logdata",222,"stan"
"76","2025-09-24-0825_logdata",221,"stan"
"77","2025-09-24-0825_logdata",204,"stan"
"78","2025-09-24-0825_logdata",248,"stan"
"79","2025-09-24-0825_logdata",243,"stan"
"80","2025-09-24-0825_logdata",6,"stan"
"81","2025-09-24-0825_logdata",31,"stan"
"82","2025-09-24-0825_logdata",23,"stan"
"83","2025-09-25-0840_logdata",57,"stan"
"84","2025-09-25-0840_logdata",52,"stan"
"85","2025-09-25-0840_logdata",59,"stan"
"86","2025-09-25-0840_logdata",11,"stan"
"87","2025-09-25-0840_logdata",29,"stan"
"88","2025-09-25-0840_logdata",9,"stan"
"89","2025-09-25-0840_logdata",34,"stan"
"90","2025-09-25-0840_logdata",44,"stan"
"91","2025-09-26-0831_logdata",145,"stan"
"92","2025-09-26-0831_logdata",15,"stan"
"93","2025-09-26-0831_logdata",171,"stan"
"94","2025-09-26-0831_logdata",142,"stan"
"95","2025-09-26-0831_logdata",47,"stan"
"96","2025-09-26-0831_logdata",166,"stan"
"97","2025-09-26-0831_logdata",184,"stan"
"98","2025-09-27-0919_logdata",132,"stan"
"99","2025-09-27-0919_logdata",150,"stan"
"100","2025-09-27-0919_logdata",163,"stan"
"101","2025-09-27-0919_logdata",162,"stan"
"102","2025-09-27-0919_logdata",131,"stan"
"103","2025-09-28-0905_logdata",158,"stan"
"104","2025-09-28-0905_logdata",152,"stan"
"105","2025-09-28-0905_logdata",175,"stan"
"106","2025-09-28-0905_logdata",168,"stan"
"107","2025-09-28-0905_logdata",338,"stan"
"108","2025-09-28-0905_logdata",358,"stan"
"109","2025-09-28-0905_logdata",383,"stan"
"110","2025-09-20-0928_logdata",316,"ozzie"
"111","2025-09-20-1241_logdata",274,"ozzie"
"112","2025-09-20-1241_logdata",298,"ozzie"
"113","2025-09-20-1241_logdata",300,"ozzie"
"114","2025-09-20-1241_logdata",280,"ozzie"
"115","2025-09-21-0921_logdata",290,"ozzie"
"116","2025-09-21-0921_logdata",266,"ozzie"
"117","2025-09-21-0921_logdata",271,"ozzie"
"118","2025-09-21-0921_logdata",292,"ozzie"
"119","2025-09-21-0921_logdata",295,"ozzie"
"120","2025-09-21-0921_logdata",269,"ozzie"
"121","2025-09-22-0854_logdata",293,"ozzie"
"122","2025-09-22-0854_logdata",314,"ozzie"
"123","2025-09-22-0854_logdata",202,"ozzie"
"124","2025-09-22-0854_logdata",249,"ozzie"
"125","2025-09-22-0854_logdata",199,"ozzie"
"126","2025-09-22-0854_logdata",205,"ozzie"
"127","2025-09-23-0929_logdata",251,"ozzie"
"128","2025-09-23-0929_logdata",253,"ozzie"
"129","2025-09-23-0929_logdata",245,"ozzie"
"130","2025-09-23-0929_logdata",223,"ozzie"
"131","2025-09-23-0929_logdata",256,"ozzie"
"132","2025-09-23-0929_logdata",239,"ozzie"
"133","2025-09-23-0929_logdata",207,"ozzie"
"134","2025-09-24-0911_logdata",49,"ozzie"
"135","2025-09-24-0911_logdata",255,"ozzie"
"136","2025-09-24-0911_logdata",217,"ozzie"
"137","2025-09-24-0911_logdata",62,"ozzie"
"138","2025-09-24-0911_logdata",51,"ozzie"
"139","2025-09-24-0911_logdata",2,"ozzie"
"140","2025-09-25-0840_logdata",58,"ozzie"
"141","2025-09-25-0840_logdata",18,"ozzie"
"142","2025-09-25-0840_logdata",32,"ozzie"
"143","2025-09-25-0840_logdata",56,"ozzie"
"144","2025-09-25-0840_logdata",36,"ozzie"
"145","2025-09-25-0840_logdata",21,"ozzie"
"146","2025-09-25-0840_logdata",45,"ozzie"
"147","2025-09-26-0901_logdata",188,"ozzie"
"148","2025-09-26-0901_logdata",4,"ozzie"
"149","2025-09-26-0901_logdata",7,"ozzie"
"150","2025-09-26-0901_logdata",41,"ozzie"
"151","2025-09-26-0901_logdata",164,"ozzie"
"152","2025-09-26-0901_logdata",177,"ozzie"
"153","2025-09-27-0919_logdata",159,"ozzie"
"154","2025-09-27-0919_logdata",169,"ozzie"
"155","2025-09-27-0919_logdata",137,"ozzie"
"156","2025-09-27-0919_logdata",157,"ozzie"
"157","2025-09-27-0919_logdata",181,"ozzie"
"158","2025-09-27-0919_logdata",176,"ozzie"
"159","2025-09-27-0919_logdata",180,"ozzie"
"160","2025-09-28-0906_logdata",174,"ozzie"
"161","2025-09-28-0906_logdata",323,"ozzie"
"162","2025-09-28-0906_logdata",167,"ozzie"
"163","2025-09-28-0906_logdata",173,"ozzie"
"164","2025-09-28-0906_logdata",349,"ozzie"
"165","2025-09-28-0906_logdata",359,"ozzie"
"166","2025-09-28-0906_logdata",348,"ozzie"
"167","2025-09-20-0934_logdata_albert",283,"albert"
"168","2025-09-20-0934_logdata_albert",284,"albert"
"169","2025-09-21-0924_logdata_albert",NA,"albert"
"170","2025-09-21-0924_logdata_albert",313,"albert"
"171","2025-09-21-0924_logdata_albert",261,"albert"
"172","2025-09-21-0924_logdata_albert",268,"albert"
"173","2025-09-21-0924_logdata_albert",299,"albert"
"174","2025-09-21-0924_logdata_albert",286,"albert"
"175","2025-09-21-0924_logdata_albert",302,"albert"
"176","2025-09-21-0924_logdata_albert",320,"albert"
"177","2025-09-22-0850_logdata",225,"albert"
"178","2025-09-22-0850_logdata",263,"albert"
"179","2025-09-22-0850_logdata",237,"albert"
"180","2025-09-22-0850_logdata",195,"albert"
"181","2025-09-22-0850_logdata",224,"albert"
"182","2025-09-23-0930_logdata",228,"albert"
"183","2025-09-23-0930_logdata",232,"albert"
"184","2025-09-23-0930_logdata",194,"albert"
"185","2025-09-23-0930_logdata",218,"albert"
"186","2025-09-23-0930_logdata",23,"albert"
"187","2025-09-23-0930_logdata",200,"albert"
"188","2025-09-23-0930_logdata",240,"albert"
"189","2025-09-24-0827_logdata",203,"albert"
"190","2025-09-24-0827_logdata",246,"albert"
"191","2025-09-24-0827_logdata",198,"albert"
"192","2025-09-24-0827_logdata",53,"albert"
"193","2025-09-24-0827_logdata",17,"albert"
"194","2025-09-24-0827_logdata",1,"albert"
"195","2025-09-24-0827_logdata",60,"albert"
"196","2025-09-25-0842_logdata",30,"albert"
"197","2025-09-25-0842_logdata",27,"albert"
"198","2025-09-25-0842_logdata",15,"albert"
"199","2025-09-25-0842_logdata",28,"albert"
"200","2025-09-25-0842_logdata",25,"albert"
"201","2025-09-25-0842_logdata",43,"albert"
"202","2025-09-25-0842_logdata",50,"albert"
"203","2025-09-25-0842_logdata",12,"albert"
"204","2025-09-26-0834_logdata",38,"albert"
"205","2025-09-26-0834_logdata",185,"albert"
"206","2025-09-26-0834_logdata",39,"albert"
"207","2025-09-26-0834_logdata",16,"albert"
"208","2025-09-26-0834_logdata",186,"albert"
"209","2025-09-26-0834_logdata",178,"albert"
"210","2025-09-27-0921_logdata",172,"albert"
"211","2025-09-27-0921_logdata",184,"albert"
"212","2025-09-27-0921_logdata",146,"albert"
"213","2025-09-27-0921_logdata",143,"albert"
"214","2025-09-27-0921_logdata",140,"albert"
"215","2025-09-27-0921_logdata",190,"albert"
"216","2025-09-27-0921_logdata",192,"albert"
"217","2025-09-28-0908_logdata",191,"albert"
"218","2025-09-28-0908_logdata",144,"albert"
"219","2025-09-28-0908_logdata",339,"albert"
"220","2025-09-28-0908_logdata",352,"albert"
"221","2025-09-28-0908_logdata",370,"albert"
"222","2025-09-20-1105_logdata",287,"gibson"
"223","2025-09-20-1105_logdata",273,"gibson"
"224","2025-09-20-1105_logdata",275,"gibson"
"225","2025-09-20-1105_logdata",276,"gibson"
"226","2025-09-21-0928_logdata_gibson",267,"gibson"
"227","2025-09-21-0928_logdata_gibson",264,"gibson"
"228","2025-09-21-0928_logdata_gibson",262,"gibson"
"229","2025-09-21-0928_logdata_gibson",303,"gibson"
"230","2025-09-21-0928_logdata_gibson",315,"gibson"
"231","2025-09-21-0928_logdata_gibson",294,"gibson"
"232","2025-09-21-0928_logdata_gibson",307,"gibson"
"233","2025-09-21-0928_logdata_gibson",311,"gibson"
"234","2025-09-22-0859_logdata",250,"gibson"
"235","2025-09-22-0859_logdata",257,"gibson"
"236","2025-09-22-0859_logdata",206,"gibson"
"237","2025-09-22-0859_logdata",226,"gibson"
"238","2025-09-22-0859_logdata",244,"gibson"
"239","2025-09-22-0859_logdata",229,"gibson"
"240","2025-09-24-1014_logdata",201,"gibson"
"241","2025-09-24-1014_logdata",254,"gibson"
"242","2025-09-24-1014_logdata",231,"gibson"
"243","2025-09-24-1014_logdata",33,"gibson"
"244","2025-09-24-1014_logdata",61,"gibson"
"245","2025-09-24-1014_logdata",26,"gibson"
"246","2025-09-25-0846_logdata",20,"gibson"
"247","2025-09-25-0846_logdata",39,"gibson"
"248","2025-09-25-0846_logdata",46,"gibson"
"249","2025-09-25-0846_logdata",12,"gibson"
"250","2025-09-25-0846_logdata",14,"gibson"
"251","2025-09-26-0839_logdata",130,"gibson"
"252","2025-09-26-0839_logdata",20,"gibson"
"253","2025-09-26-0839_logdata",136,"gibson"
"254","2025-09-26-0839_logdata",14,"gibson"
"255","2025-09-26-0839_logdata",37,"gibson"
"256","2025-09-26-0839_logdata",48,"gibson"
"257","2025-09-26-0839_logdata",161,"gibson"
"258","2025-09-27-0926_logdata",161,"gibson"
"259","2025-09-27-0926_logdata",182,"gibson"
"260","2025-09-27-0926_logdata",141,"gibson"
"261","2025-09-27-0926_logdata",133,"gibson"
"262","2025-09-27-0926_logdata",129,"gibson"
"263","2025-09-27-0926_logdata",170,"gibson"
"264","2025-09-28-1006_logdata",336,"gibson"
"265","2025-09-28-1006_logdata",187,"gibson"
"266","2025-09-28-1006_logdata",334,"gibson"
"267","2025-09-28-1006_logdata",344,"gibson"
"268","2025-09-28-1006_logdata",353,"gibson"
"269","2025-09-28-1006_logdata",357,"gibson"
