shade_00s_70s,phosphorous_p1-p4,c3_c4,species_code,usda_code,block,rep,individual,id_v0,id_v0_noncat,id_barcode_v0,,
00s,p1,c4,pavi,pavi2,1,1,1,00s-p1-c4-pavi-1-1,00s-p1-c4-pavi-1-1,*00s-p1-c4-pavi-1-1*,,*
00s,p1,c4,paha,paha,1,1,2,00s-p1-c4-paha-1-2,00s-p1-c4-paha-1-2,*00s-p1-c4-paha-1-2*,,*
00s,p1,c4,paan,paan4,1,1,3,00s-p1-c4-paan-1-3,00s-p1-c4-paan-1-3,*00s-p1-c4-paan-1-3*,,*
00s,p1,c4,paco,paco2,1,1,4,00s-p1-c4-paco-1-4,00s-p1-c4-paco-1-4,*00s-p1-c4-paco-1-4*,,*
00s,p1,c3,dicl,dicl,1,1,5,00s-p1-c3-dicl-1-5,00s-p1-c3-dicl-1-5,*00s-p1-c3-dicl-1-5*,,*
00s,p1,c3,patr,patr3,1,1,6,00s-p1-c3-patr-1-6,00s-p1-c3-patr-1-6,*00s-p1-c3-patr-1-6*,,*
00s,p1,c3,diac,diac2,1,1,7,00s-p1-c3-diac-1-7,00s-p1-c3-diac-1-7,*00s-p1-c3-diac-1-7*,,*
00s,p1,c3,diol,diol,1,1,8,00s-p1-c3-diol-1-8,00s-p1-c3-diol-1-8,*00s-p1-c3-diol-1-8*,,*
00s,p2,c4,pavi,pavi2,1,1,9,00s-p2-c4-pavi-1-9,00s-p2-c4-pavi-1-9,*00s-p2-c4-pavi-1-9*,,*
00s,p2,c4,paha,paha,1,1,10,00s-p2-c4-paha-1-10,00s-p2-c4-paha-1-10,*00s-p2-c4-paha-1-10*,,*
00s,p2,c4,paan,paan4,1,1,11,00s-p2-c4-paan-1-11,00s-p2-c4-paan-1-11,*00s-p2-c4-paan-1-11*,,*
00s,p2,c4,paco,paco2,1,1,12,00s-p2-c4-paco-1-12,00s-p2-c4-paco-1-12,*00s-p2-c4-paco-1-12*,,*
00s,p2,c3,dicl,dicl,1,1,13,00s-p2-c3-dicl-1-13,00s-p2-c3-dicl-1-13,*00s-p2-c3-dicl-1-13*,,*
00s,p2,c3,patr,patr3,1,1,14,00s-p2-c3-patr-1-14,00s-p2-c3-patr-1-14,*00s-p2-c3-patr-1-14*,,*
00s,p2,c3,diac,diac2,1,1,15,00s-p2-c3-diac-1-15,00s-p2-c3-diac-1-15,*00s-p2-c3-diac-1-15*,,*
00s,p2,c3,diol,diol,1,1,16,00s-p2-c3-diol-1-16,00s-p2-c3-diol-1-16,*00s-p2-c3-diol-1-16*,,*
00s,p3,c4,pavi,pavi2,1,1,17,00s-p3-c4-pavi-1-17,00s-p3-c4-pavi-1-17,*00s-p3-c4-pavi-1-17*,,*
00s,p3,c4,paha,paha,1,1,18,00s-p3-c4-paha-1-18,00s-p3-c4-paha-1-18,*00s-p3-c4-paha-1-18*,,*
00s,p3,c4,paan,paan4,1,1,19,00s-p3-c4-paan-1-19,00s-p3-c4-paan-1-19,*00s-p3-c4-paan-1-19*,,*
00s,p3,c4,paco,paco2,1,1,20,00s-p3-c4-paco-1-20,00s-p3-c4-paco-1-20,*00s-p3-c4-paco-1-20*,,*
00s,p3,c3,dicl,dicl,1,1,21,00s-p3-c3-dicl-1-21,00s-p3-c3-dicl-1-21,*00s-p3-c3-dicl-1-21*,,*
00s,p3,c3,patr,patr3,1,1,22,00s-p3-c3-patr-1-22,00s-p3-c3-patr-1-22,*00s-p3-c3-patr-1-22*,,*
00s,p3,c3,diac,diac2,1,1,23,00s-p3-c3-diac-1-23,00s-p3-c3-diac-1-23,*00s-p3-c3-diac-1-23*,,*
00s,p3,c3,diol,diol,1,1,24,00s-p3-c3-diol-1-24,00s-p3-c3-diol-1-24,*00s-p3-c3-diol-1-24*,,*
00s,p4,c4,pavi,pavi2,1,1,25,00s-p4-c4-pavi-1-25,00s-p4-c4-pavi-1-25,*00s-p4-c4-pavi-1-25*,,*
00s,p4,c4,paha,paha,1,1,26,00s-p4-c4-paha-1-26,00s-p4-c4-paha-1-26,*00s-p4-c4-paha-1-26*,,*
00s,p4,c4,paan,paan4,1,1,27,00s-p4-c4-paan-1-27,00s-p4-c4-paan-1-27,*00s-p4-c4-paan-1-27*,,*
00s,p4,c4,paco,paco2,1,1,28,00s-p4-c4-paco-1-28,00s-p4-c4-paco-1-28,*00s-p4-c4-paco-1-28*,,*
00s,p4,c3,dicl,dicl,1,1,29,00s-p4-c3-dicl-1-29,00s-p4-c3-dicl-1-29,*00s-p4-c3-dicl-1-29*,,*
00s,p4,c3,patr,patr3,1,1,30,00s-p4-c3-patr-1-30,00s-p4-c3-patr-1-30,*00s-p4-c3-patr-1-30*,,*
00s,p4,c3,diac,diac2,1,1,31,00s-p4-c3-diac-1-31,00s-p4-c3-diac-1-31,*00s-p4-c3-diac-1-31*,,*
00s,p4,c3,diol,diol,1,1,32,00s-p4-c3-diol-1-32,00s-p4-c3-diol-1-32,*00s-p4-c3-diol-1-32*,,*
70s,p1,c4,pavi,pavi2,1,1,33,70s-p1-c4-pavi-1-33,70s-p1-c4-pavi-1-33,*70s-p1-c4-pavi-1-33*,,*
70s,p1,c4,paha,paha,1,1,34,70s-p1-c4-paha-1-34,70s-p1-c4-paha-1-34,*70s-p1-c4-paha-1-34*,,*
70s,p1,c4,paan,paan4,1,1,35,70s-p1-c4-paan-1-35,70s-p1-c4-paan-1-35,*70s-p1-c4-paan-1-35*,,*
70s,p1,c4,paco,paco2,1,1,36,70s-p1-c4-paco-1-36,70s-p1-c4-paco-1-36,*70s-p1-c4-paco-1-36*,,*
70s,p1,c3,dicl,dicl,1,1,37,70s-p1-c3-dicl-1-37,70s-p1-c3-dicl-1-37,*70s-p1-c3-dicl-1-37*,,*
70s,p1,c3,patr,patr3,1,1,38,70s-p1-c3-patr-1-38,70s-p1-c3-patr-1-38,*70s-p1-c3-patr-1-38*,,*
70s,p1,c3,diac,diac2,1,1,39,70s-p1-c3-diac-1-39,70s-p1-c3-diac-1-39,*70s-p1-c3-diac-1-39*,,*
70s,p1,c3,diol,diol,1,1,40,70s-p1-c3-diol-1-40,70s-p1-c3-diol-1-40,*70s-p1-c3-diol-1-40*,,*
70s,p2,c4,pavi,pavi2,1,1,41,70s-p2-c4-pavi-1-41,70s-p2-c4-pavi-1-41,*70s-p2-c4-pavi-1-41*,,*
70s,p2,c4,paha,paha,1,1,42,70s-p2-c4-paha-1-42,70s-p2-c4-paha-1-42,*70s-p2-c4-paha-1-42*,,*
70s,p2,c4,paan,paan4,1,1,43,70s-p2-c4-paan-1-43,70s-p2-c4-paan-1-43,*70s-p2-c4-paan-1-43*,,*
70s,p2,c4,paco,paco2,1,1,44,70s-p2-c4-paco-1-44,70s-p2-c4-paco-1-44,*70s-p2-c4-paco-1-44*,,*
70s,p2,c3,dicl,dicl,1,1,45,70s-p2-c3-dicl-1-45,70s-p2-c3-dicl-1-45,*70s-p2-c3-dicl-1-45*,,*
70s,p2,c3,patr,patr3,1,1,46,70s-p2-c3-patr-1-46,70s-p2-c3-patr-1-46,*70s-p2-c3-patr-1-46*,,*
70s,p2,c3,diac,diac2,1,1,47,70s-p2-c3-diac-1-47,70s-p2-c3-diac-1-47,*70s-p2-c3-diac-1-47*,,*
70s,p2,c3,diol,diol,1,1,48,70s-p2-c3-diol-1-48,70s-p2-c3-diol-1-48,*70s-p2-c3-diol-1-48*,,*
70s,p3,c4,pavi,pavi2,1,1,49,70s-p3-c4-pavi-1-49,70s-p3-c4-pavi-1-49,*70s-p3-c4-pavi-1-49*,,*
70s,p3,c4,paha,paha,1,1,50,70s-p3-c4-paha-1-50,70s-p3-c4-paha-1-50,*70s-p3-c4-paha-1-50*,,*
70s,p3,c4,paan,paan4,1,1,51,70s-p3-c4-paan-1-51,70s-p3-c4-paan-1-51,*70s-p3-c4-paan-1-51*,,*
70s,p3,c4,paco,paco2,1,1,52,70s-p3-c4-paco-1-52,70s-p3-c4-paco-1-52,*70s-p3-c4-paco-1-52*,,*
70s,p3,c3,dicl,dicl,1,1,53,70s-p3-c3-dicl-1-53,70s-p3-c3-dicl-1-53,*70s-p3-c3-dicl-1-53*,,*
70s,p3,c3,patr,patr3,1,1,54,70s-p3-c3-patr-1-54,70s-p3-c3-patr-1-54,*70s-p3-c3-patr-1-54*,,*
70s,p3,c3,diac,diac2,1,1,55,70s-p3-c3-diac-1-55,70s-p3-c3-diac-1-55,*70s-p3-c3-diac-1-55*,,*
70s,p3,c3,diol,diol,1,1,56,70s-p3-c3-diol-1-56,70s-p3-c3-diol-1-56,*70s-p3-c3-diol-1-56*,,*
70s,p4,c4,pavi,pavi2,1,1,57,70s-p4-c4-pavi-1-57,70s-p4-c4-pavi-1-57,*70s-p4-c4-pavi-1-57*,,*
70s,p4,c4,paha,paha,1,1,58,70s-p4-c4-paha-1-58,70s-p4-c4-paha-1-58,*70s-p4-c4-paha-1-58*,,*
70s,p4,c4,paan,paan4,1,1,59,70s-p4-c4-paan-1-59,70s-p4-c4-paan-1-59,*70s-p4-c4-paan-1-59*,,*
70s,p4,c4,paco,paco2,1,1,60,70s-p4-c4-paco-1-60,70s-p4-c4-paco-1-60,*70s-p4-c4-paco-1-60*,,*
70s,p4,c3,dicl,dicl,1,1,61,70s-p4-c3-dicl-1-61,70s-p4-c3-dicl-1-61,*70s-p4-c3-dicl-1-61*,,*
70s,p4,c3,patr,patr3,1,1,62,70s-p4-c3-patr-1-62,70s-p4-c3-patr-1-62,*70s-p4-c3-patr-1-62*,,*
70s,p4,c3,diac,diac2,1,1,63,70s-p4-c3-diac-1-63,70s-p4-c3-diac-1-63,*70s-p4-c3-diac-1-63*,,*
70s,p4,c3,diol,diol,1,1,64,70s-p4-c3-diol-1-64,70s-p4-c3-diol-1-64,*70s-p4-c3-diol-1-64*,,*
00s,p1,c4,pavi,pavi2,2,2,65,00s-p1-c4-pavi-2-65,00s-p1-c4-pavi-2-65,*00s-p1-c4-pavi-2-65*,,*
00s,p1,c4,paha,paha,2,2,66,00s-p1-c4-paha-2-66,00s-p1-c4-paha-2-66,*00s-p1-c4-paha-2-66*,,*
00s,p1,c4,paan,paan4,2,2,67,00s-p1-c4-paan-2-67,00s-p1-c4-paan-2-67,*00s-p1-c4-paan-2-67*,,*
00s,p1,c4,paco,paco2,2,2,68,00s-p1-c4-paco-2-68,00s-p1-c4-paco-2-68,*00s-p1-c4-paco-2-68*,,*
00s,p1,c3,dicl,dicl,2,2,69,00s-p1-c3-dicl-2-69,00s-p1-c3-dicl-2-69,*00s-p1-c3-dicl-2-69*,,*
00s,p1,c3,patr,patr3,2,2,70,00s-p1-c3-patr-2-70,00s-p1-c3-patr-2-70,*00s-p1-c3-patr-2-70*,,*
00s,p1,c3,diac,diac2,2,2,71,00s-p1-c3-diac-2-71,00s-p1-c3-diac-2-71,*00s-p1-c3-diac-2-71*,,*
00s,p1,c3,diol,diol,2,2,72,00s-p1-c3-diol-2-72,00s-p1-c3-diol-2-72,*00s-p1-c3-diol-2-72*,,*
00s,p2,c4,pavi,pavi2,2,2,73,00s-p2-c4-pavi-2-73,00s-p2-c4-pavi-2-73,*00s-p2-c4-pavi-2-73*,,*
00s,p2,c4,paha,paha,2,2,74,00s-p2-c4-paha-2-74,00s-p2-c4-paha-2-74,*00s-p2-c4-paha-2-74*,,*
00s,p2,c4,paan,paan4,2,2,75,00s-p2-c4-paan-2-75,00s-p2-c4-paan-2-75,*00s-p2-c4-paan-2-75*,,*
00s,p2,c4,paco,paco2,2,2,76,00s-p2-c4-paco-2-76,00s-p2-c4-paco-2-76,*00s-p2-c4-paco-2-76*,,*
00s,p2,c3,dicl,dicl,2,2,77,00s-p2-c3-dicl-2-77,00s-p2-c3-dicl-2-77,*00s-p2-c3-dicl-2-77*,,*
00s,p2,c3,patr,patr3,2,2,78,00s-p2-c3-patr-2-78,00s-p2-c3-patr-2-78,*00s-p2-c3-patr-2-78*,,*
00s,p2,c3,diac,diac2,2,2,79,00s-p2-c3-diac-2-79,00s-p2-c3-diac-2-79,*00s-p2-c3-diac-2-79*,,*
00s,p2,c3,diol,diol,2,2,80,00s-p2-c3-diol-2-80,00s-p2-c3-diol-2-80,*00s-p2-c3-diol-2-80*,,*
00s,p3,c4,pavi,pavi2,2,2,81,00s-p3-c4-pavi-2-81,00s-p3-c4-pavi-2-81,*00s-p3-c4-pavi-2-81*,,*
00s,p3,c4,paha,paha,2,2,82,00s-p3-c4-paha-2-82,00s-p3-c4-paha-2-82,*00s-p3-c4-paha-2-82*,,*
00s,p3,c4,paan,paan4,2,2,83,00s-p3-c4-paan-2-83,00s-p3-c4-paan-2-83,*00s-p3-c4-paan-2-83*,,*
00s,p3,c4,paco,paco2,2,2,84,00s-p3-c4-paco-2-84,00s-p3-c4-paco-2-84,*00s-p3-c4-paco-2-84*,,*
00s,p3,c3,dicl,dicl,2,2,85,00s-p3-c3-dicl-2-85,00s-p3-c3-dicl-2-85,*00s-p3-c3-dicl-2-85*,,*
00s,p3,c3,patr,patr3,2,2,86,00s-p3-c3-patr-2-86,00s-p3-c3-patr-2-86,*00s-p3-c3-patr-2-86*,,*
00s,p3,c3,diac,diac2,2,2,87,00s-p3-c3-diac-2-87,00s-p3-c3-diac-2-87,*00s-p3-c3-diac-2-87*,,*
00s,p3,c3,diol,diol,2,2,88,00s-p3-c3-diol-2-88,00s-p3-c3-diol-2-88,*00s-p3-c3-diol-2-88*,,*
00s,p4,c4,pavi,pavi2,2,2,89,00s-p4-c4-pavi-2-89,00s-p4-c4-pavi-2-89,*00s-p4-c4-pavi-2-89*,,*
00s,p4,c4,paha,paha,2,2,90,00s-p4-c4-paha-2-90,00s-p4-c4-paha-2-90,*00s-p4-c4-paha-2-90*,,*
00s,p4,c4,paan,paan4,2,2,91,00s-p4-c4-paan-2-91,00s-p4-c4-paan-2-91,*00s-p4-c4-paan-2-91*,,*
00s,p4,c4,paco,paco2,2,2,92,00s-p4-c4-paco-2-92,00s-p4-c4-paco-2-92,*00s-p4-c4-paco-2-92*,,*
00s,p4,c3,dicl,dicl,2,2,93,00s-p4-c3-dicl-2-93,00s-p4-c3-dicl-2-93,*00s-p4-c3-dicl-2-93*,,*
00s,p4,c3,patr,patr3,2,2,94,00s-p4-c3-patr-2-94,00s-p4-c3-patr-2-94,*00s-p4-c3-patr-2-94*,,*
00s,p4,c3,diac,diac2,2,2,95,00s-p4-c3-diac-2-95,00s-p4-c3-diac-2-95,*00s-p4-c3-diac-2-95*,,*
00s,p4,c3,diol,diol,2,2,96,00s-p4-c3-diol-2-96,00s-p4-c3-diol-2-96,*00s-p4-c3-diol-2-96*,,*
70s,p1,c4,pavi,pavi2,2,2,97,70s-p1-c4-pavi-2-97,70s-p1-c4-pavi-2-97,*70s-p1-c4-pavi-2-97*,,*
70s,p1,c4,paha,paha,2,2,98,70s-p1-c4-paha-2-98,70s-p1-c4-paha-2-98,*70s-p1-c4-paha-2-98*,,*
70s,p1,c4,paan,paan4,2,2,99,70s-p1-c4-paan-2-99,70s-p1-c4-paan-2-99,*70s-p1-c4-paan-2-99*,,*
70s,p1,c4,paco,paco2,2,2,100,70s-p1-c4-paco-2-100,70s-p1-c4-paco-2-100,*70s-p1-c4-paco-2-100*,,*
70s,p1,c3,dicl,dicl,2,2,101,70s-p1-c3-dicl-2-101,70s-p1-c3-dicl-2-101,*70s-p1-c3-dicl-2-101*,,*
70s,p1,c3,patr,patr3,2,2,102,70s-p1-c3-patr-2-102,70s-p1-c3-patr-2-102,*70s-p1-c3-patr-2-102*,,*
70s,p1,c3,diac,diac2,2,2,103,70s-p1-c3-diac-2-103,70s-p1-c3-diac-2-103,*70s-p1-c3-diac-2-103*,,*
70s,p1,c3,diol,diol,2,2,104,70s-p1-c3-diol-2-104,70s-p1-c3-diol-2-104,*70s-p1-c3-diol-2-104*,,*
70s,p2,c4,pavi,pavi2,2,2,105,70s-p2-c4-pavi-2-105,70s-p2-c4-pavi-2-105,*70s-p2-c4-pavi-2-105*,,*
70s,p2,c4,paha,paha,2,2,106,70s-p2-c4-paha-2-106,70s-p2-c4-paha-2-106,*70s-p2-c4-paha-2-106*,,*
70s,p2,c4,paan,paan4,2,2,107,70s-p2-c4-paan-2-107,70s-p2-c4-paan-2-107,*70s-p2-c4-paan-2-107*,,*
70s,p2,c4,paco,paco2,2,2,108,70s-p2-c4-paco-2-108,70s-p2-c4-paco-2-108,*70s-p2-c4-paco-2-108*,,*
70s,p2,c3,dicl,dicl,2,2,109,70s-p2-c3-dicl-2-109,70s-p2-c3-dicl-2-109,*70s-p2-c3-dicl-2-109*,,*
70s,p2,c3,patr,patr3,2,2,110,70s-p2-c3-patr-2-110,70s-p2-c3-patr-2-110,*70s-p2-c3-patr-2-110*,,*
70s,p2,c3,diac,diac2,2,2,111,70s-p2-c3-diac-2-111,70s-p2-c3-diac-2-111,*70s-p2-c3-diac-2-111*,,*
70s,p2,c3,diol,diol,2,2,112,70s-p2-c3-diol-2-112,70s-p2-c3-diol-2-112,*70s-p2-c3-diol-2-112*,,*
70s,p3,c4,pavi,pavi2,2,2,113,70s-p3-c4-pavi-2-113,70s-p3-c4-pavi-2-113,*70s-p3-c4-pavi-2-113*,,*
70s,p3,c4,paha,paha,2,2,114,70s-p3-c4-paha-2-114,70s-p3-c4-paha-2-114,*70s-p3-c4-paha-2-114*,,*
70s,p3,c4,paan,paan4,2,2,115,70s-p3-c4-paan-2-115,70s-p3-c4-paan-2-115,*70s-p3-c4-paan-2-115*,,*
70s,p3,c4,paco,paco2,2,2,116,70s-p3-c4-paco-2-116,70s-p3-c4-paco-2-116,*70s-p3-c4-paco-2-116*,,*
70s,p3,c3,dicl,dicl,2,2,117,70s-p3-c3-dicl-2-117,70s-p3-c3-dicl-2-117,*70s-p3-c3-dicl-2-117*,,*
70s,p3,c3,patr,patr3,2,2,118,70s-p3-c3-patr-2-118,70s-p3-c3-patr-2-118,*70s-p3-c3-patr-2-118*,,*
70s,p3,c3,diac,diac2,2,2,119,70s-p3-c3-diac-2-119,70s-p3-c3-diac-2-119,*70s-p3-c3-diac-2-119*,,*
70s,p3,c3,diol,diol,2,2,120,70s-p3-c3-diol-2-120,70s-p3-c3-diol-2-120,*70s-p3-c3-diol-2-120*,,*
70s,p4,c4,pavi,pavi2,2,2,121,70s-p4-c4-pavi-2-121,70s-p4-c4-pavi-2-121,*70s-p4-c4-pavi-2-121*,,*
70s,p4,c4,paha,paha,2,2,122,70s-p4-c4-paha-2-122,70s-p4-c4-paha-2-122,*70s-p4-c4-paha-2-122*,,*
70s,p4,c4,paan,paan4,2,2,123,70s-p4-c4-paan-2-123,70s-p4-c4-paan-2-123,*70s-p4-c4-paan-2-123*,,*
70s,p4,c4,paco,paco2,2,2,124,70s-p4-c4-paco-2-124,70s-p4-c4-paco-2-124,*70s-p4-c4-paco-2-124*,,*
70s,p4,c3,dicl,dicl,2,2,125,70s-p4-c3-dicl-2-125,70s-p4-c3-dicl-2-125,*70s-p4-c3-dicl-2-125*,,*
70s,p4,c3,patr,patr3,2,2,126,70s-p4-c3-patr-2-126,70s-p4-c3-patr-2-126,*70s-p4-c3-patr-2-126*,,*
70s,p4,c3,diac,diac2,2,2,127,70s-p4-c3-diac-2-127,70s-p4-c3-diac-2-127,*70s-p4-c3-diac-2-127*,,*
70s,p4,c3,diol,diol,2,2,128,70s-p4-c3-diol-2-128,70s-p4-c3-diol-2-128,*70s-p4-c3-diol-2-128*,,*
00s,p1,c4,pavi,pavi2,3,3,129,00s-p1-c4-pavi-3-129,00s-p1-c4-pavi-3-129,*00s-p1-c4-pavi-3-129*,,*
00s,p1,c4,paha,paha,3,3,130,00s-p1-c4-paha-3-130,00s-p1-c4-paha-3-130,*00s-p1-c4-paha-3-130*,,*
00s,p1,c4,paan,paan4,3,3,131,00s-p1-c4-paan-3-131,00s-p1-c4-paan-3-131,*00s-p1-c4-paan-3-131*,,*
00s,p1,c4,paco,paco2,3,3,132,00s-p1-c4-paco-3-132,00s-p1-c4-paco-3-132,*00s-p1-c4-paco-3-132*,,*
00s,p1,c3,dicl,dicl,3,3,133,00s-p1-c3-dicl-3-133,00s-p1-c3-dicl-3-133,*00s-p1-c3-dicl-3-133*,,*
00s,p1,c3,patr,patr3,3,3,134,00s-p1-c3-patr-3-134,00s-p1-c3-patr-3-134,*00s-p1-c3-patr-3-134*,,*
00s,p1,c3,diac,diac2,3,3,135,00s-p1-c3-diac-3-135,00s-p1-c3-diac-3-135,*00s-p1-c3-diac-3-135*,,*
00s,p1,c3,diol,diol,3,3,136,00s-p1-c3-diol-3-136,00s-p1-c3-diol-3-136,*00s-p1-c3-diol-3-136*,,*
00s,p2,c4,pavi,pavi2,3,3,137,00s-p2-c4-pavi-3-137,00s-p2-c4-pavi-3-137,*00s-p2-c4-pavi-3-137*,,*
00s,p2,c4,paha,paha,3,3,138,00s-p2-c4-paha-3-138,00s-p2-c4-paha-3-138,*00s-p2-c4-paha-3-138*,,*
00s,p2,c4,paan,paan4,3,3,139,00s-p2-c4-paan-3-139,00s-p2-c4-paan-3-139,*00s-p2-c4-paan-3-139*,,*
00s,p2,c4,paco,paco2,3,3,140,00s-p2-c4-paco-3-140,00s-p2-c4-paco-3-140,*00s-p2-c4-paco-3-140*,,*
00s,p2,c3,dicl,dicl,3,3,141,00s-p2-c3-dicl-3-141,00s-p2-c3-dicl-3-141,*00s-p2-c3-dicl-3-141*,,*
00s,p2,c3,patr,patr3,3,3,142,00s-p2-c3-patr-3-142,00s-p2-c3-patr-3-142,*00s-p2-c3-patr-3-142*,,*
00s,p2,c3,diac,diac2,3,3,143,00s-p2-c3-diac-3-143,00s-p2-c3-diac-3-143,*00s-p2-c3-diac-3-143*,,*
00s,p2,c3,diol,diol,3,3,144,00s-p2-c3-diol-3-144,00s-p2-c3-diol-3-144,*00s-p2-c3-diol-3-144*,,*
00s,p3,c4,pavi,pavi2,3,3,145,00s-p3-c4-pavi-3-145,00s-p3-c4-pavi-3-145,*00s-p3-c4-pavi-3-145*,,*
00s,p3,c4,paha,paha,3,3,146,00s-p3-c4-paha-3-146,00s-p3-c4-paha-3-146,*00s-p3-c4-paha-3-146*,,*
00s,p3,c4,paan,paan4,3,3,147,00s-p3-c4-paan-3-147,00s-p3-c4-paan-3-147,*00s-p3-c4-paan-3-147*,,*
00s,p3,c4,paco,paco2,3,3,148,00s-p3-c4-paco-3-148,00s-p3-c4-paco-3-148,*00s-p3-c4-paco-3-148*,,*
00s,p3,c3,dicl,dicl,3,3,149,00s-p3-c3-dicl-3-149,00s-p3-c3-dicl-3-149,*00s-p3-c3-dicl-3-149*,,*
00s,p3,c3,patr,patr3,3,3,150,00s-p3-c3-patr-3-150,00s-p3-c3-patr-3-150,*00s-p3-c3-patr-3-150*,,*
00s,p3,c3,diac,diac2,3,3,151,00s-p3-c3-diac-3-151,00s-p3-c3-diac-3-151,*00s-p3-c3-diac-3-151*,,*
00s,p3,c3,diol,diol,3,3,152,00s-p3-c3-diol-3-152,00s-p3-c3-diol-3-152,*00s-p3-c3-diol-3-152*,,*
00s,p4,c4,pavi,pavi2,3,3,153,00s-p4-c4-pavi-3-153,00s-p4-c4-pavi-3-153,*00s-p4-c4-pavi-3-153*,,*
00s,p4,c4,paha,paha,3,3,154,00s-p4-c4-paha-3-154,00s-p4-c4-paha-3-154,*00s-p4-c4-paha-3-154*,,*
00s,p4,c4,paan,paan4,3,3,155,00s-p4-c4-paan-3-155,00s-p4-c4-paan-3-155,*00s-p4-c4-paan-3-155*,,*
00s,p4,c4,paco,paco2,3,3,156,00s-p4-c4-paco-3-156,00s-p4-c4-paco-3-156,*00s-p4-c4-paco-3-156*,,*
00s,p4,c3,dicl,dicl,3,3,157,00s-p4-c3-dicl-3-157,00s-p4-c3-dicl-3-157,*00s-p4-c3-dicl-3-157*,,*
00s,p4,c3,patr,patr3,3,3,158,00s-p4-c3-patr-3-158,00s-p4-c3-patr-3-158,*00s-p4-c3-patr-3-158*,,*
00s,p4,c3,diac,diac2,3,3,159,00s-p4-c3-diac-3-159,00s-p4-c3-diac-3-159,*00s-p4-c3-diac-3-159*,,*
00s,p4,c3,diol,diol,3,3,160,00s-p4-c3-diol-3-160,00s-p4-c3-diol-3-160,*00s-p4-c3-diol-3-160*,,*
70s,p1,c4,pavi,pavi2,3,3,161,70s-p1-c4-pavi-3-161,70s-p1-c4-pavi-3-161,*70s-p1-c4-pavi-3-161*,,*
70s,p1,c4,paha,paha,3,3,162,70s-p1-c4-paha-3-162,70s-p1-c4-paha-3-162,*70s-p1-c4-paha-3-162*,,*
70s,p1,c4,paan,paan4,3,3,163,70s-p1-c4-paan-3-163,70s-p1-c4-paan-3-163,*70s-p1-c4-paan-3-163*,,*
70s,p1,c4,paco,paco2,3,3,164,70s-p1-c4-paco-3-164,70s-p1-c4-paco-3-164,*70s-p1-c4-paco-3-164*,,*
70s,p1,c3,dicl,dicl,3,3,165,70s-p1-c3-dicl-3-165,70s-p1-c3-dicl-3-165,*70s-p1-c3-dicl-3-165*,,*
70s,p1,c3,patr,patr3,3,3,166,70s-p1-c3-patr-3-166,70s-p1-c3-patr-3-166,*70s-p1-c3-patr-3-166*,,*
70s,p1,c3,diac,diac2,3,3,167,70s-p1-c3-diac-3-167,70s-p1-c3-diac-3-167,*70s-p1-c3-diac-3-167*,,*
70s,p1,c3,diol,diol,3,3,168,70s-p1-c3-diol-3-168,70s-p1-c3-diol-3-168,*70s-p1-c3-diol-3-168*,,*
70s,p2,c4,pavi,pavi2,3,3,169,70s-p2-c4-pavi-3-169,70s-p2-c4-pavi-3-169,*70s-p2-c4-pavi-3-169*,,*
70s,p2,c4,paha,paha,3,3,170,70s-p2-c4-paha-3-170,70s-p2-c4-paha-3-170,*70s-p2-c4-paha-3-170*,,*
70s,p2,c4,paan,paan4,3,3,171,70s-p2-c4-paan-3-171,70s-p2-c4-paan-3-171,*70s-p2-c4-paan-3-171*,,*
70s,p2,c4,paco,paco2,3,3,172,70s-p2-c4-paco-3-172,70s-p2-c4-paco-3-172,*70s-p2-c4-paco-3-172*,,*
70s,p2,c3,dicl,dicl,3,3,173,70s-p2-c3-dicl-3-173,70s-p2-c3-dicl-3-173,*70s-p2-c3-dicl-3-173*,,*
70s,p2,c3,patr,patr3,3,3,174,70s-p2-c3-patr-3-174,70s-p2-c3-patr-3-174,*70s-p2-c3-patr-3-174*,,*
70s,p2,c3,diac,diac2,3,3,175,70s-p2-c3-diac-3-175,70s-p2-c3-diac-3-175,*70s-p2-c3-diac-3-175*,,*
70s,p2,c3,diol,diol,3,3,176,70s-p2-c3-diol-3-176,70s-p2-c3-diol-3-176,*70s-p2-c3-diol-3-176*,,*
70s,p3,c4,pavi,pavi2,3,3,177,70s-p3-c4-pavi-3-177,70s-p3-c4-pavi-3-177,*70s-p3-c4-pavi-3-177*,,*
70s,p3,c4,paha,paha,3,3,178,70s-p3-c4-paha-3-178,70s-p3-c4-paha-3-178,*70s-p3-c4-paha-3-178*,,*
70s,p3,c4,paan,paan4,3,3,179,70s-p3-c4-paan-3-179,70s-p3-c4-paan-3-179,*70s-p3-c4-paan-3-179*,,*
70s,p3,c4,paco,paco2,3,3,180,70s-p3-c4-paco-3-180,70s-p3-c4-paco-3-180,*70s-p3-c4-paco-3-180*,,*
70s,p3,c3,dicl,dicl,3,3,181,70s-p3-c3-dicl-3-181,70s-p3-c3-dicl-3-181,*70s-p3-c3-dicl-3-181*,,*
70s,p3,c3,patr,patr3,3,3,182,70s-p3-c3-patr-3-182,70s-p3-c3-patr-3-182,*70s-p3-c3-patr-3-182*,,*
70s,p3,c3,diac,diac2,3,3,183,70s-p3-c3-diac-3-183,70s-p3-c3-diac-3-183,*70s-p3-c3-diac-3-183*,,*
70s,p3,c3,diol,diol,3,3,184,70s-p3-c3-diol-3-184,70s-p3-c3-diol-3-184,*70s-p3-c3-diol-3-184*,,*
70s,p4,c4,pavi,pavi2,3,3,185,70s-p4-c4-pavi-3-185,70s-p4-c4-pavi-3-185,*70s-p4-c4-pavi-3-185*,,*
70s,p4,c4,paha,paha,3,3,186,70s-p4-c4-paha-3-186,70s-p4-c4-paha-3-186,*70s-p4-c4-paha-3-186*,,*
70s,p4,c4,paan,paan4,3,3,187,70s-p4-c4-paan-3-187,70s-p4-c4-paan-3-187,*70s-p4-c4-paan-3-187*,,*
70s,p4,c4,paco,paco2,3,3,188,70s-p4-c4-paco-3-188,70s-p4-c4-paco-3-188,*70s-p4-c4-paco-3-188*,,*
70s,p4,c3,dicl,dicl,3,3,189,70s-p4-c3-dicl-3-189,70s-p4-c3-dicl-3-189,*70s-p4-c3-dicl-3-189*,,*
70s,p4,c3,patr,patr3,3,3,190,70s-p4-c3-patr-3-190,70s-p4-c3-patr-3-190,*70s-p4-c3-patr-3-190*,,*
70s,p4,c3,diac,diac2,3,3,191,70s-p4-c3-diac-3-191,70s-p4-c3-diac-3-191,*70s-p4-c3-diac-3-191*,,*
70s,p4,c3,diol,diol,3,3,192,70s-p4-c3-diol-3-192,70s-p4-c3-diol-3-192,*70s-p4-c3-diol-3-192*,,*
00s,p1,c4,pavi,pavi2,4,4,193,00s-p1-c4-pavi-4-193,00s-p1-c4-pavi-4-193,*00s-p1-c4-pavi-4-193*,,*
00s,p1,c4,paha,paha,4,4,194,00s-p1-c4-paha-4-194,00s-p1-c4-paha-4-194,*00s-p1-c4-paha-4-194*,,*
00s,p1,c4,paan,paan4,4,4,195,00s-p1-c4-paan-4-195,00s-p1-c4-paan-4-195,*00s-p1-c4-paan-4-195*,,*
00s,p1,c4,paco,paco2,4,4,196,00s-p1-c4-paco-4-196,00s-p1-c4-paco-4-196,*00s-p1-c4-paco-4-196*,,*
00s,p1,c3,dicl,dicl,4,4,197,00s-p1-c3-dicl-4-197,00s-p1-c3-dicl-4-197,*00s-p1-c3-dicl-4-197*,,*
00s,p1,c3,patr,patr3,4,4,198,00s-p1-c3-patr-4-198,00s-p1-c3-patr-4-198,*00s-p1-c3-patr-4-198*,,*
00s,p1,c3,diac,diac2,4,4,199,00s-p1-c3-diac-4-199,00s-p1-c3-diac-4-199,*00s-p1-c3-diac-4-199*,,*
00s,p1,c3,diol,diol,4,4,200,00s-p1-c3-diol-4-200,00s-p1-c3-diol-4-200,*00s-p1-c3-diol-4-200*,,*
00s,p2,c4,pavi,pavi2,4,4,201,00s-p2-c4-pavi-4-201,00s-p2-c4-pavi-4-201,*00s-p2-c4-pavi-4-201*,,*
00s,p2,c4,paha,paha,4,4,202,00s-p2-c4-paha-4-202,00s-p2-c4-paha-4-202,*00s-p2-c4-paha-4-202*,,*
00s,p2,c4,paan,paan4,4,4,203,00s-p2-c4-paan-4-203,00s-p2-c4-paan-4-203,*00s-p2-c4-paan-4-203*,,*
00s,p2,c4,paco,paco2,4,4,204,00s-p2-c4-paco-4-204,00s-p2-c4-paco-4-204,*00s-p2-c4-paco-4-204*,,*
00s,p2,c3,dicl,dicl,4,4,205,00s-p2-c3-dicl-4-205,00s-p2-c3-dicl-4-205,*00s-p2-c3-dicl-4-205*,,*
00s,p2,c3,patr,patr3,4,4,206,00s-p2-c3-patr-4-206,00s-p2-c3-patr-4-206,*00s-p2-c3-patr-4-206*,,*
00s,p2,c3,diac,diac2,4,4,207,00s-p2-c3-diac-4-207,00s-p2-c3-diac-4-207,*00s-p2-c3-diac-4-207*,,*
00s,p2,c3,diol,diol,4,4,208,00s-p2-c3-diol-4-208,00s-p2-c3-diol-4-208,*00s-p2-c3-diol-4-208*,,*
00s,p3,c4,pavi,pavi2,4,4,209,00s-p3-c4-pavi-4-209,00s-p3-c4-pavi-4-209,*00s-p3-c4-pavi-4-209*,,*
00s,p3,c4,paha,paha,4,4,210,00s-p3-c4-paha-4-210,00s-p3-c4-paha-4-210,*00s-p3-c4-paha-4-210*,,*
00s,p3,c4,paan,paan4,4,4,211,00s-p3-c4-paan-4-211,00s-p3-c4-paan-4-211,*00s-p3-c4-paan-4-211*,,*
00s,p3,c4,paco,paco2,4,4,212,00s-p3-c4-paco-4-212,00s-p3-c4-paco-4-212,*00s-p3-c4-paco-4-212*,,*
00s,p3,c3,dicl,dicl,4,4,213,00s-p3-c3-dicl-4-213,00s-p3-c3-dicl-4-213,*00s-p3-c3-dicl-4-213*,,*
00s,p3,c3,patr,patr3,4,4,214,00s-p3-c3-patr-4-214,00s-p3-c3-patr-4-214,*00s-p3-c3-patr-4-214*,,*
00s,p3,c3,diac,diac2,4,4,215,00s-p3-c3-diac-4-215,00s-p3-c3-diac-4-215,*00s-p3-c3-diac-4-215*,,*
00s,p3,c3,diol,diol,4,4,216,00s-p3-c3-diol-4-216,00s-p3-c3-diol-4-216,*00s-p3-c3-diol-4-216*,,*
00s,p4,c4,pavi,pavi2,4,4,217,00s-p4-c4-pavi-4-217,00s-p4-c4-pavi-4-217,*00s-p4-c4-pavi-4-217*,,*
00s,p4,c4,paha,paha,4,4,218,00s-p4-c4-paha-4-218,00s-p4-c4-paha-4-218,*00s-p4-c4-paha-4-218*,,*
00s,p4,c4,paan,paan4,4,4,219,00s-p4-c4-paan-4-219,00s-p4-c4-paan-4-219,*00s-p4-c4-paan-4-219*,,*
00s,p4,c4,paco,paco2,4,4,220,00s-p4-c4-paco-4-220,00s-p4-c4-paco-4-220,*00s-p4-c4-paco-4-220*,,*
00s,p4,c3,dicl,dicl,4,4,221,00s-p4-c3-dicl-4-221,00s-p4-c3-dicl-4-221,*00s-p4-c3-dicl-4-221*,,*
00s,p4,c3,patr,patr3,4,4,222,00s-p4-c3-patr-4-222,00s-p4-c3-patr-4-222,*00s-p4-c3-patr-4-222*,,*
00s,p4,c3,diac,diac2,4,4,223,00s-p4-c3-diac-4-223,00s-p4-c3-diac-4-223,*00s-p4-c3-diac-4-223*,,*
00s,p4,c3,diol,diol,4,4,224,00s-p4-c3-diol-4-224,00s-p4-c3-diol-4-224,*00s-p4-c3-diol-4-224*,,*
70s,p1,c4,pavi,pavi2,4,4,225,70s-p1-c4-pavi-4-225,70s-p1-c4-pavi-4-225,*70s-p1-c4-pavi-4-225*,,*
70s,p1,c4,paha,paha,4,4,226,70s-p1-c4-paha-4-226,70s-p1-c4-paha-4-226,*70s-p1-c4-paha-4-226*,,*
70s,p1,c4,paan,paan4,4,4,227,70s-p1-c4-paan-4-227,70s-p1-c4-paan-4-227,*70s-p1-c4-paan-4-227*,,*
70s,p1,c4,paco,paco2,4,4,228,70s-p1-c4-paco-4-228,70s-p1-c4-paco-4-228,*70s-p1-c4-paco-4-228*,,*
70s,p1,c3,dicl,dicl,4,4,229,70s-p1-c3-dicl-4-229,70s-p1-c3-dicl-4-229,*70s-p1-c3-dicl-4-229*,,*
70s,p1,c3,patr,patr3,4,4,230,70s-p1-c3-patr-4-230,70s-p1-c3-patr-4-230,*70s-p1-c3-patr-4-230*,,*
70s,p1,c3,diac,diac2,4,4,231,70s-p1-c3-diac-4-231,70s-p1-c3-diac-4-231,*70s-p1-c3-diac-4-231*,,*
70s,p1,c3,diol,diol,4,4,232,70s-p1-c3-diol-4-232,70s-p1-c3-diol-4-232,*70s-p1-c3-diol-4-232*,,*
70s,p2,c4,pavi,pavi2,4,4,233,70s-p2-c4-pavi-4-233,70s-p2-c4-pavi-4-233,*70s-p2-c4-pavi-4-233*,,*
70s,p2,c4,paha,paha,4,4,234,70s-p2-c4-paha-4-234,70s-p2-c4-paha-4-234,*70s-p2-c4-paha-4-234*,,*
70s,p2,c4,paan,paan4,4,4,235,70s-p2-c4-paan-4-235,70s-p2-c4-paan-4-235,*70s-p2-c4-paan-4-235*,,*
70s,p2,c4,paco,paco2,4,4,236,70s-p2-c4-paco-4-236,70s-p2-c4-paco-4-236,*70s-p2-c4-paco-4-236*,,*
70s,p2,c3,dicl,dicl,4,4,237,70s-p2-c3-dicl-4-237,70s-p2-c3-dicl-4-237,*70s-p2-c3-dicl-4-237*,,*
70s,p2,c3,patr,patr3,4,4,238,70s-p2-c3-patr-4-238,70s-p2-c3-patr-4-238,*70s-p2-c3-patr-4-238*,,*
70s,p2,c3,diac,diac2,4,4,239,70s-p2-c3-diac-4-239,70s-p2-c3-diac-4-239,*70s-p2-c3-diac-4-239*,,*
70s,p2,c3,diol,diol,4,4,240,70s-p2-c3-diol-4-240,70s-p2-c3-diol-4-240,*70s-p2-c3-diol-4-240*,,*
70s,p3,c4,pavi,pavi2,4,4,241,70s-p3-c4-pavi-4-241,70s-p3-c4-pavi-4-241,*70s-p3-c4-pavi-4-241*,,*
70s,p3,c4,paha,paha,4,4,242,70s-p3-c4-paha-4-242,70s-p3-c4-paha-4-242,*70s-p3-c4-paha-4-242*,,*
70s,p3,c4,paan,paan4,4,4,243,70s-p3-c4-paan-4-243,70s-p3-c4-paan-4-243,*70s-p3-c4-paan-4-243*,,*
70s,p3,c4,paco,paco2,4,4,244,70s-p3-c4-paco-4-244,70s-p3-c4-paco-4-244,*70s-p3-c4-paco-4-244*,,*
70s,p3,c3,dicl,dicl,4,4,245,70s-p3-c3-dicl-4-245,70s-p3-c3-dicl-4-245,*70s-p3-c3-dicl-4-245*,,*
70s,p3,c3,patr,patr3,4,4,246,70s-p3-c3-patr-4-246,70s-p3-c3-patr-4-246,*70s-p3-c3-patr-4-246*,,*
70s,p3,c3,diac,diac2,4,4,247,70s-p3-c3-diac-4-247,70s-p3-c3-diac-4-247,*70s-p3-c3-diac-4-247*,,*
70s,p3,c3,diol,diol,4,4,248,70s-p3-c3-diol-4-248,70s-p3-c3-diol-4-248,*70s-p3-c3-diol-4-248*,,*
70s,p4,c4,pavi,pavi2,4,4,249,70s-p4-c4-pavi-4-249,70s-p4-c4-pavi-4-249,*70s-p4-c4-pavi-4-249*,,*
70s,p4,c4,paha,paha,4,4,250,70s-p4-c4-paha-4-250,70s-p4-c4-paha-4-250,*70s-p4-c4-paha-4-250*,,*
70s,p4,c4,paan,paan4,4,4,251,70s-p4-c4-paan-4-251,70s-p4-c4-paan-4-251,*70s-p4-c4-paan-4-251*,,*
70s,p4,c4,paco,paco2,4,4,252,70s-p4-c4-paco-4-252,70s-p4-c4-paco-4-252,*70s-p4-c4-paco-4-252*,,*
70s,p4,c3,dicl,dicl,4,4,253,70s-p4-c3-dicl-4-253,70s-p4-c3-dicl-4-253,*70s-p4-c3-dicl-4-253*,,*
70s,p4,c3,patr,patr3,4,4,254,70s-p4-c3-patr-4-254,70s-p4-c3-patr-4-254,*70s-p4-c3-patr-4-254*,,*
70s,p4,c3,diac,diac2,4,4,255,70s-p4-c3-diac-4-255,70s-p4-c3-diac-4-255,*70s-p4-c3-diac-4-255*,,*
70s,p4,c3,diol,diol,4,4,256,70s-p4-c3-diol-4-256,70s-p4-c3-diol-4-256,*70s-p4-c3-diol-4-256*,,*
00s,p1,c4,pavi,pavi2,5,5,257,00s-p1-c4-pavi-5-257,00s-p1-c4-pavi-5-257,*00s-p1-c4-pavi-5-257*,,*
00s,p1,c4,paha,paha,5,5,258,00s-p1-c4-paha-5-258,00s-p1-c4-paha-5-258,*00s-p1-c4-paha-5-258*,,*
00s,p1,c4,paan,paan4,5,5,259,00s-p1-c4-paan-5-259,00s-p1-c4-paan-5-259,*00s-p1-c4-paan-5-259*,,*
00s,p1,c4,paco,paco2,5,5,260,00s-p1-c4-paco-5-260,00s-p1-c4-paco-5-260,*00s-p1-c4-paco-5-260*,,*
00s,p1,c3,dicl,dicl,5,5,261,00s-p1-c3-dicl-5-261,00s-p1-c3-dicl-5-261,*00s-p1-c3-dicl-5-261*,,*
00s,p1,c3,patr,patr3,5,5,262,00s-p1-c3-patr-5-262,00s-p1-c3-patr-5-262,*00s-p1-c3-patr-5-262*,,*
00s,p1,c3,diac,diac2,5,5,263,00s-p1-c3-diac-5-263,00s-p1-c3-diac-5-263,*00s-p1-c3-diac-5-263*,,*
00s,p1,c3,diol,diol,5,5,264,00s-p1-c3-diol-5-264,00s-p1-c3-diol-5-264,*00s-p1-c3-diol-5-264*,,*
00s,p2,c4,pavi,pavi2,5,5,265,00s-p2-c4-pavi-5-265,00s-p2-c4-pavi-5-265,*00s-p2-c4-pavi-5-265*,,*
00s,p2,c4,paha,paha,5,5,266,00s-p2-c4-paha-5-266,00s-p2-c4-paha-5-266,*00s-p2-c4-paha-5-266*,,*
00s,p2,c4,paan,paan4,5,5,267,00s-p2-c4-paan-5-267,00s-p2-c4-paan-5-267,*00s-p2-c4-paan-5-267*,,*
00s,p2,c4,paco,paco2,5,5,268,00s-p2-c4-paco-5-268,00s-p2-c4-paco-5-268,*00s-p2-c4-paco-5-268*,,*
00s,p2,c3,dicl,dicl,5,5,269,00s-p2-c3-dicl-5-269,00s-p2-c3-dicl-5-269,*00s-p2-c3-dicl-5-269*,,*
00s,p2,c3,patr,patr3,5,5,270,00s-p2-c3-patr-5-270,00s-p2-c3-patr-5-270,*00s-p2-c3-patr-5-270*,,*
00s,p2,c3,diac,diac2,5,5,271,00s-p2-c3-diac-5-271,00s-p2-c3-diac-5-271,*00s-p2-c3-diac-5-271*,,*
00s,p2,c3,diol,diol,5,5,272,00s-p2-c3-diol-5-272,00s-p2-c3-diol-5-272,*00s-p2-c3-diol-5-272*,,*
00s,p3,c4,pavi,pavi2,5,5,273,00s-p3-c4-pavi-5-273,00s-p3-c4-pavi-5-273,*00s-p3-c4-pavi-5-273*,,*
00s,p3,c4,paha,paha,5,5,274,00s-p3-c4-paha-5-274,00s-p3-c4-paha-5-274,*00s-p3-c4-paha-5-274*,,*
00s,p3,c4,paan,paan4,5,5,275,00s-p3-c4-paan-5-275,00s-p3-c4-paan-5-275,*00s-p3-c4-paan-5-275*,,*
00s,p3,c4,paco,paco2,5,5,276,00s-p3-c4-paco-5-276,00s-p3-c4-paco-5-276,*00s-p3-c4-paco-5-276*,,*
00s,p3,c3,dicl,dicl,5,5,277,00s-p3-c3-dicl-5-277,00s-p3-c3-dicl-5-277,*00s-p3-c3-dicl-5-277*,,*
00s,p3,c3,patr,patr3,5,5,278,00s-p3-c3-patr-5-278,00s-p3-c3-patr-5-278,*00s-p3-c3-patr-5-278*,,*
00s,p3,c3,diac,diac2,5,5,279,00s-p3-c3-diac-5-279,00s-p3-c3-diac-5-279,*00s-p3-c3-diac-5-279*,,*
00s,p3,c3,diol,diol,5,5,280,00s-p3-c3-diol-5-280,00s-p3-c3-diol-5-280,*00s-p3-c3-diol-5-280*,,*
00s,p4,c4,pavi,pavi2,5,5,281,00s-p4-c4-pavi-5-281,00s-p4-c4-pavi-5-281,*00s-p4-c4-pavi-5-281*,,*
00s,p4,c4,paha,paha,5,5,282,00s-p4-c4-paha-5-282,00s-p4-c4-paha-5-282,*00s-p4-c4-paha-5-282*,,*
00s,p4,c4,paan,paan4,5,5,283,00s-p4-c4-paan-5-283,00s-p4-c4-paan-5-283,*00s-p4-c4-paan-5-283*,,*
00s,p4,c4,paco,paco2,5,5,284,00s-p4-c4-paco-5-284,00s-p4-c4-paco-5-284,*00s-p4-c4-paco-5-284*,,*
00s,p4,c3,dicl,dicl,5,5,285,00s-p4-c3-dicl-5-285,00s-p4-c3-dicl-5-285,*00s-p4-c3-dicl-5-285*,,*
00s,p4,c3,patr,patr3,5,5,286,00s-p4-c3-patr-5-286,00s-p4-c3-patr-5-286,*00s-p4-c3-patr-5-286*,,*
00s,p4,c3,diac,diac2,5,5,287,00s-p4-c3-diac-5-287,00s-p4-c3-diac-5-287,*00s-p4-c3-diac-5-287*,,*
00s,p4,c3,diol,diol,5,5,288,00s-p4-c3-diol-5-288,00s-p4-c3-diol-5-288,*00s-p4-c3-diol-5-288*,,*
70s,p1,c4,pavi,pavi2,5,5,289,70s-p1-c4-pavi-5-289,70s-p1-c4-pavi-5-289,*70s-p1-c4-pavi-5-289*,,*
70s,p1,c4,paha,paha,5,5,290,70s-p1-c4-paha-5-290,70s-p1-c4-paha-5-290,*70s-p1-c4-paha-5-290*,,*
70s,p1,c4,paan,paan4,5,5,291,70s-p1-c4-paan-5-291,70s-p1-c4-paan-5-291,*70s-p1-c4-paan-5-291*,,*
70s,p1,c4,paco,paco2,5,5,292,70s-p1-c4-paco-5-292,70s-p1-c4-paco-5-292,*70s-p1-c4-paco-5-292*,,*
70s,p1,c3,dicl,dicl,5,5,293,70s-p1-c3-dicl-5-293,70s-p1-c3-dicl-5-293,*70s-p1-c3-dicl-5-293*,,*
70s,p1,c3,patr,patr3,5,5,294,70s-p1-c3-patr-5-294,70s-p1-c3-patr-5-294,*70s-p1-c3-patr-5-294*,,*
70s,p1,c3,diac,diac2,5,5,295,70s-p1-c3-diac-5-295,70s-p1-c3-diac-5-295,*70s-p1-c3-diac-5-295*,,*
70s,p1,c3,diol,diol,5,5,296,70s-p1-c3-diol-5-296,70s-p1-c3-diol-5-296,*70s-p1-c3-diol-5-296*,,*
70s,p2,c4,pavi,pavi2,5,5,297,70s-p2-c4-pavi-5-297,70s-p2-c4-pavi-5-297,*70s-p2-c4-pavi-5-297*,,*
70s,p2,c4,paha,paha,5,5,298,70s-p2-c4-paha-5-298,70s-p2-c4-paha-5-298,*70s-p2-c4-paha-5-298*,,*
70s,p2,c4,paan,paan4,5,5,299,70s-p2-c4-paan-5-299,70s-p2-c4-paan-5-299,*70s-p2-c4-paan-5-299*,,*
70s,p2,c4,paco,paco2,5,5,300,70s-p2-c4-paco-5-300,70s-p2-c4-paco-5-300,*70s-p2-c4-paco-5-300*,,*
70s,p2,c3,dicl,dicl,5,5,301,70s-p2-c3-dicl-5-301,70s-p2-c3-dicl-5-301,*70s-p2-c3-dicl-5-301*,,*
70s,p2,c3,patr,patr3,5,5,302,70s-p2-c3-patr-5-302,70s-p2-c3-patr-5-302,*70s-p2-c3-patr-5-302*,,*
70s,p2,c3,diac,diac2,5,5,303,70s-p2-c3-diac-5-303,70s-p2-c3-diac-5-303,*70s-p2-c3-diac-5-303*,,*
70s,p2,c3,diol,diol,5,5,304,70s-p2-c3-diol-5-304,70s-p2-c3-diol-5-304,*70s-p2-c3-diol-5-304*,,*
70s,p3,c4,pavi,pavi2,5,5,305,70s-p3-c4-pavi-5-305,70s-p3-c4-pavi-5-305,*70s-p3-c4-pavi-5-305*,,*
70s,p3,c4,paha,paha,5,5,306,70s-p3-c4-paha-5-306,70s-p3-c4-paha-5-306,*70s-p3-c4-paha-5-306*,,*
70s,p3,c4,paan,paan4,5,5,307,70s-p3-c4-paan-5-307,70s-p3-c4-paan-5-307,*70s-p3-c4-paan-5-307*,,*
70s,p3,c4,paco,paco2,5,5,308,70s-p3-c4-paco-5-308,70s-p3-c4-paco-5-308,*70s-p3-c4-paco-5-308*,,*
70s,p3,c3,dicl,dicl,5,5,309,70s-p3-c3-dicl-5-309,70s-p3-c3-dicl-5-309,*70s-p3-c3-dicl-5-309*,,*
70s,p3,c3,patr,patr3,5,5,310,70s-p3-c3-patr-5-310,70s-p3-c3-patr-5-310,*70s-p3-c3-patr-5-310*,,*
70s,p3,c3,diac,diac2,5,5,311,70s-p3-c3-diac-5-311,70s-p3-c3-diac-5-311,*70s-p3-c3-diac-5-311*,,*
70s,p3,c3,diol,diol,5,5,312,70s-p3-c3-diol-5-312,70s-p3-c3-diol-5-312,*70s-p3-c3-diol-5-312*,,*
70s,p4,c4,pavi,pavi2,5,5,313,70s-p4-c4-pavi-5-313,70s-p4-c4-pavi-5-313,*70s-p4-c4-pavi-5-313*,,*
70s,p4,c4,paha,paha,5,5,314,70s-p4-c4-paha-5-314,70s-p4-c4-paha-5-314,*70s-p4-c4-paha-5-314*,,*
70s,p4,c4,paan,paan4,5,5,315,70s-p4-c4-paan-5-315,70s-p4-c4-paan-5-315,*70s-p4-c4-paan-5-315*,,*
70s,p4,c4,paco,paco2,5,5,316,70s-p4-c4-paco-5-316,70s-p4-c4-paco-5-316,*70s-p4-c4-paco-5-316*,,*
70s,p4,c3,dicl,dicl,5,5,317,70s-p4-c3-dicl-5-317,70s-p4-c3-dicl-5-317,*70s-p4-c3-dicl-5-317*,,*
70s,p4,c3,patr,patr3,5,5,318,70s-p4-c3-patr-5-318,70s-p4-c3-patr-5-318,*70s-p4-c3-patr-5-318*,,*
70s,p4,c3,diac,diac2,5,5,319,70s-p4-c3-diac-5-319,70s-p4-c3-diac-5-319,*70s-p4-c3-diac-5-319*,,*
70s,p4,c3,diol,diol,5,5,320,70s-p4-c3-diol-5-320,70s-p4-c3-diol-5-320,*70s-p4-c3-diol-5-320*,,*
00s,p1,c4,pavi,pavi2,6,6,321,00s-p1-c4-pavi-6-321,00s-p1-c4-pavi-6-321,*00s-p1-c4-pavi-6-321*,,*
00s,p1,c4,paha,paha,6,6,322,00s-p1-c4-paha-6-322,00s-p1-c4-paha-6-322,*00s-p1-c4-paha-6-322*,,*
00s,p1,c4,paan,paan4,6,6,323,00s-p1-c4-paan-6-323,00s-p1-c4-paan-6-323,*00s-p1-c4-paan-6-323*,,*
00s,p1,c4,paco,paco2,6,6,324,00s-p1-c4-paco-6-324,00s-p1-c4-paco-6-324,*00s-p1-c4-paco-6-324*,,*
00s,p1,c3,dicl,dicl,6,6,325,00s-p1-c3-dicl-6-325,00s-p1-c3-dicl-6-325,*00s-p1-c3-dicl-6-325*,,*
00s,p1,c3,patr,patr3,6,6,326,00s-p1-c3-patr-6-326,00s-p1-c3-patr-6-326,*00s-p1-c3-patr-6-326*,,*
00s,p1,c3,diac,diac2,6,6,327,00s-p1-c3-diac-6-327,00s-p1-c3-diac-6-327,*00s-p1-c3-diac-6-327*,,*
00s,p1,c3,diol,diol,6,6,328,00s-p1-c3-diol-6-328,00s-p1-c3-diol-6-328,*00s-p1-c3-diol-6-328*,,*
00s,p2,c4,pavi,pavi2,6,6,329,00s-p2-c4-pavi-6-329,00s-p2-c4-pavi-6-329,*00s-p2-c4-pavi-6-329*,,*
00s,p2,c4,paha,paha,6,6,330,00s-p2-c4-paha-6-330,00s-p2-c4-paha-6-330,*00s-p2-c4-paha-6-330*,,*
00s,p2,c4,paan,paan4,6,6,331,00s-p2-c4-paan-6-331,00s-p2-c4-paan-6-331,*00s-p2-c4-paan-6-331*,,*
00s,p2,c4,paco,paco2,6,6,332,00s-p2-c4-paco-6-332,00s-p2-c4-paco-6-332,*00s-p2-c4-paco-6-332*,,*
00s,p2,c3,dicl,dicl,6,6,333,00s-p2-c3-dicl-6-333,00s-p2-c3-dicl-6-333,*00s-p2-c3-dicl-6-333*,,*
00s,p2,c3,patr,patr3,6,6,334,00s-p2-c3-patr-6-334,00s-p2-c3-patr-6-334,*00s-p2-c3-patr-6-334*,,*
00s,p2,c3,diac,diac2,6,6,335,00s-p2-c3-diac-6-335,00s-p2-c3-diac-6-335,*00s-p2-c3-diac-6-335*,,*
00s,p2,c3,diol,diol,6,6,336,00s-p2-c3-diol-6-336,00s-p2-c3-diol-6-336,*00s-p2-c3-diol-6-336*,,*
00s,p3,c4,pavi,pavi2,6,6,337,00s-p3-c4-pavi-6-337,00s-p3-c4-pavi-6-337,*00s-p3-c4-pavi-6-337*,,*
00s,p3,c4,paha,paha,6,6,338,00s-p3-c4-paha-6-338,00s-p3-c4-paha-6-338,*00s-p3-c4-paha-6-338*,,*
00s,p3,c4,paan,paan4,6,6,339,00s-p3-c4-paan-6-339,00s-p3-c4-paan-6-339,*00s-p3-c4-paan-6-339*,,*
00s,p3,c4,paco,paco2,6,6,340,00s-p3-c4-paco-6-340,00s-p3-c4-paco-6-340,*00s-p3-c4-paco-6-340*,,*
00s,p3,c3,dicl,dicl,6,6,341,00s-p3-c3-dicl-6-341,00s-p3-c3-dicl-6-341,*00s-p3-c3-dicl-6-341*,,*
00s,p3,c3,patr,patr3,6,6,342,00s-p3-c3-patr-6-342,00s-p3-c3-patr-6-342,*00s-p3-c3-patr-6-342*,,*
00s,p3,c3,diac,diac2,6,6,343,00s-p3-c3-diac-6-343,00s-p3-c3-diac-6-343,*00s-p3-c3-diac-6-343*,,*
00s,p3,c3,diol,diol,6,6,344,00s-p3-c3-diol-6-344,00s-p3-c3-diol-6-344,*00s-p3-c3-diol-6-344*,,*
00s,p4,c4,pavi,pavi2,6,6,345,00s-p4-c4-pavi-6-345,00s-p4-c4-pavi-6-345,*00s-p4-c4-pavi-6-345*,,*
00s,p4,c4,paha,paha,6,6,346,00s-p4-c4-paha-6-346,00s-p4-c4-paha-6-346,*00s-p4-c4-paha-6-346*,,*
00s,p4,c4,paan,paan4,6,6,347,00s-p4-c4-paan-6-347,00s-p4-c4-paan-6-347,*00s-p4-c4-paan-6-347*,,*
00s,p4,c4,paco,paco2,6,6,348,00s-p4-c4-paco-6-348,00s-p4-c4-paco-6-348,*00s-p4-c4-paco-6-348*,,*
00s,p4,c3,dicl,dicl,6,6,349,00s-p4-c3-dicl-6-349,00s-p4-c3-dicl-6-349,*00s-p4-c3-dicl-6-349*,,*
00s,p4,c3,patr,patr3,6,6,350,00s-p4-c3-patr-6-350,00s-p4-c3-patr-6-350,*00s-p4-c3-patr-6-350*,,*
00s,p4,c3,diac,diac2,6,6,351,00s-p4-c3-diac-6-351,00s-p4-c3-diac-6-351,*00s-p4-c3-diac-6-351*,,*
00s,p4,c3,diol,diol,6,6,352,00s-p4-c3-diol-6-352,00s-p4-c3-diol-6-352,*00s-p4-c3-diol-6-352*,,*
70s,p1,c4,pavi,pavi2,6,6,353,70s-p1-c4-pavi-6-353,70s-p1-c4-pavi-6-353,*70s-p1-c4-pavi-6-353*,,*
70s,p1,c4,paha,paha,6,6,354,70s-p1-c4-paha-6-354,70s-p1-c4-paha-6-354,*70s-p1-c4-paha-6-354*,,*
70s,p1,c4,paan,paan4,6,6,355,70s-p1-c4-paan-6-355,70s-p1-c4-paan-6-355,*70s-p1-c4-paan-6-355*,,*
70s,p1,c4,paco,paco2,6,6,356,70s-p1-c4-paco-6-356,70s-p1-c4-paco-6-356,*70s-p1-c4-paco-6-356*,,*
70s,p1,c3,dicl,dicl,6,6,357,70s-p1-c3-dicl-6-357,70s-p1-c3-dicl-6-357,*70s-p1-c3-dicl-6-357*,,*
70s,p1,c3,patr,patr3,6,6,358,70s-p1-c3-patr-6-358,70s-p1-c3-patr-6-358,*70s-p1-c3-patr-6-358*,,*
70s,p1,c3,diac,diac2,6,6,359,70s-p1-c3-diac-6-359,70s-p1-c3-diac-6-359,*70s-p1-c3-diac-6-359*,,*
70s,p1,c3,diol,diol,6,6,360,70s-p1-c3-diol-6-360,70s-p1-c3-diol-6-360,*70s-p1-c3-diol-6-360*,,*
70s,p2,c4,pavi,pavi2,6,6,361,70s-p2-c4-pavi-6-361,70s-p2-c4-pavi-6-361,*70s-p2-c4-pavi-6-361*,,*
70s,p2,c4,paha,paha,6,6,362,70s-p2-c4-paha-6-362,70s-p2-c4-paha-6-362,*70s-p2-c4-paha-6-362*,,*
70s,p2,c4,paan,paan4,6,6,363,70s-p2-c4-paan-6-363,70s-p2-c4-paan-6-363,*70s-p2-c4-paan-6-363*,,*
70s,p2,c4,paco,paco2,6,6,364,70s-p2-c4-paco-6-364,70s-p2-c4-paco-6-364,*70s-p2-c4-paco-6-364*,,*
70s,p2,c3,dicl,dicl,6,6,365,70s-p2-c3-dicl-6-365,70s-p2-c3-dicl-6-365,*70s-p2-c3-dicl-6-365*,,*
70s,p2,c3,patr,patr3,6,6,366,70s-p2-c3-patr-6-366,70s-p2-c3-patr-6-366,*70s-p2-c3-patr-6-366*,,*
70s,p2,c3,diac,diac2,6,6,367,70s-p2-c3-diac-6-367,70s-p2-c3-diac-6-367,*70s-p2-c3-diac-6-367*,,*
70s,p2,c3,diol,diol,6,6,368,70s-p2-c3-diol-6-368,70s-p2-c3-diol-6-368,*70s-p2-c3-diol-6-368*,,*
70s,p3,c4,pavi,pavi2,6,6,369,70s-p3-c4-pavi-6-369,70s-p3-c4-pavi-6-369,*70s-p3-c4-pavi-6-369*,,*
70s,p3,c4,paha,paha,6,6,370,70s-p3-c4-paha-6-370,70s-p3-c4-paha-6-370,*70s-p3-c4-paha-6-370*,,*
70s,p3,c4,paan,paan4,6,6,371,70s-p3-c4-paan-6-371,70s-p3-c4-paan-6-371,*70s-p3-c4-paan-6-371*,,*
70s,p3,c4,paco,paco2,6,6,372,70s-p3-c4-paco-6-372,70s-p3-c4-paco-6-372,*70s-p3-c4-paco-6-372*,,*
70s,p3,c3,dicl,dicl,6,6,373,70s-p3-c3-dicl-6-373,70s-p3-c3-dicl-6-373,*70s-p3-c3-dicl-6-373*,,*
70s,p3,c3,patr,patr3,6,6,374,70s-p3-c3-patr-6-374,70s-p3-c3-patr-6-374,*70s-p3-c3-patr-6-374*,,*
70s,p3,c3,diac,diac2,6,6,375,70s-p3-c3-diac-6-375,70s-p3-c3-diac-6-375,*70s-p3-c3-diac-6-375*,,*
70s,p3,c3,diol,diol,6,6,376,70s-p3-c3-diol-6-376,70s-p3-c3-diol-6-376,*70s-p3-c3-diol-6-376*,,*
70s,p4,c4,pavi,pavi2,6,6,377,70s-p4-c4-pavi-6-377,70s-p4-c4-pavi-6-377,*70s-p4-c4-pavi-6-377*,,*
70s,p4,c4,paha,paha,6,6,378,70s-p4-c4-paha-6-378,70s-p4-c4-paha-6-378,*70s-p4-c4-paha-6-378*,,*
70s,p4,c4,paan,paan4,6,6,379,70s-p4-c4-paan-6-379,70s-p4-c4-paan-6-379,*70s-p4-c4-paan-6-379*,,*
70s,p4,c4,paco,paco2,6,6,380,70s-p4-c4-paco-6-380,70s-p4-c4-paco-6-380,*70s-p4-c4-paco-6-380*,,*
70s,p4,c3,dicl,dicl,6,6,381,70s-p4-c3-dicl-6-381,70s-p4-c3-dicl-6-381,*70s-p4-c3-dicl-6-381*,,*
70s,p4,c3,patr,patr3,6,6,382,70s-p4-c3-patr-6-382,70s-p4-c3-patr-6-382,*70s-p4-c3-patr-6-382*,,*
70s,p4,c3,diac,diac2,6,6,383,70s-p4-c3-diac-6-383,70s-p4-c3-diac-6-383,*70s-p4-c3-diac-6-383*,,*
70s,p4,c3,diol,diol,6,6,384,70s-p4-c3-diol-6-384,70s-p4-c3-diol-6-384,*70s-p4-c3-diol-6-384*,,*
